"";"ID";"Habitattype";"RecordingGivid";"UserReference";"LocationCode";"Observer";"VagueDateBegin";"Kolom1";"Betrouwbaarheid";"Waterpeil";"Regio";"SBZH";"ID_Plas";"OppKl";"Oppervlakte_plas"
"1";"AN_ABH_007_3130a_18";"3130_aom";"IV2018101613143763";"AN_ABH_007_3130a_18";"AN_ABH_007";"Vincent Smeekens";"2018-09-24";"AN_ABH_007";"matig";"Droogstaand (groot deel)";"Atlantisch";"binnen";NA;"1 ha < Opp <= 5 ha";39479,726685
"2";"AN_ARE_001_3130a_18";"3130_aom";"IV2018101005532264";"AN_ARE_001_3130a_18";"AN_ARE_001";"Vincent Smeekens & Kevin Scheers & An Leyssen";"2018-09-21";"AN_ARE_001";"hoog";"Normaal";"Atlantisch";"binnen";"5062";"5 ha < Opp < 50 ha";110470,597782
"3";"AN_ARE_001_3130n_18";"3130_na";"IV2018101006000237";"AN_ARE_001_3130n_18";"AN_ARE_001";"Vincent Smeekens & Kevin Scheers & An Leyssen";"2018-09-21";"AN_ARE_001";"hoog";"Normaal";"Atlantisch";"binnen";"5062";"5 ha < Opp < 50 ha";110470,597782
"4";"AN_BAS_001_3150_17";"3150";"IV2018082010271159";"AN_BAS_001_3150_17";"AN_BAS_001";"Jo Packet";"2017-10-09";"AN_BAS_001";"hoog";"Normaal";"Atlantisch";"binnen";"BL_16954";"1 ha < Opp <= 5 ha";25126,518047
"5";"AN_BEE_001_3130a_16";"3130_aom";"IV2017032010360108";"AN_BEE_001_3130a_16";"AN_BEE_001";"Vincent Smeekens";"2016-10-20";"AN_BEE_001";"hoog";"Uitzonderlijk laag";"Atlantisch";"binnen";"15537";"Opp <= 1 ha";6431,654903
"6";"AN_BEE_001_3130n_16";"3130_na";"IV2017032010205954";"AN_BEE_001_3130n_16";"AN_BEE_001";"Vincent Smeekens";"2016-10-20";"AN_BEE_001";"hoog";"Uitzonderlijk laag";"Atlantisch";"binnen";"15537";"Opp <= 1 ha";6431,654903
"7";"AN_BEE_002_3130a_16";"3130_aom";"IV2017040309554429";"AN_BEE_002_3130a_16";"AN_BEE_002";"Vincent Smeekens";"2016-09-21";"AN_BEE_002";"hoog";"Normaal";"Atlantisch";"binnen";"BL_11192";"Opp <= 1 ha";629,578564
"8";"AN_BGO_001_3130a_17";"3130_aom";"IV2018020910244945";"AN_BGO_001_3130a_17";"AN_BGO_001";"Vincent Smeekens";"2017-09-06";"AN_BGO_001";"hoog";"Normaal";"Atlantisch";"binnen";NA;"Opp <= 1 ha";4787,599815
"9";"AN_BGO_001_3130n_17";"3130_na";"IV2018020910314240";"AN_BGO_001_3130n_17";"AN_BGO_001";"Vincent Smeekens";"2017-09-06";"AN_BGO_001";"hoog";"Normaal";"Atlantisch";"binnen";NA;"Opp <= 1 ha";4787,599815
"10";"AN_BGO_001_3150_17";"3150";"IV2018020910422627";"AN_BGO_001_3150_17";"AN_BGO_001";"Vincent Smeekens";"2017-09-06";"AN_BGO_001";"hoog";"Normaal";"Atlantisch";"binnen";NA;"Opp <= 1 ha";4787,599815
"11";"AN_BGO_002_3130a_17";"3130_aom";"IV2018020909312908";"AN_BGO_002_3130a_17";"AN_BGO_002";"Vincent Smeekens";"2017-09-06";"AN_BGO_002";"hoog";"Normaal";"Atlantisch";"binnen";NA;"Opp <= 1 ha";5631,651554
"12";"AN_BGO_002_3130n_17";"3130_na";"IV2018020909370337";"AN_BGO_002_3130n_17";"AN_BGO_002";"Vincent Smeekens";"2017-09-06";"AN_BGO_002";"hoog";"Normaal";"Atlantisch";"binnen";NA;"Opp <= 1 ha";5631,651554
"13";"AN_BGO_002_3140_17";"3140";"IV2018020909501549";"AN_BGO_002_3140_17";"AN_BGO_002";"Vincent Smeekens";"2017-09-06";"AN_BGO_002";"hoog";"Normaal";"Atlantisch";"binnen";NA;"Opp <= 1 ha";5631,651554
"14";"AN_BGO_002_3160_17";"3160";"IV2018020910124046";"AN_BGO_002_3160_17";"AN_BGO_002";"Vincent Smeekens";"2017-09-06";"AN_BGO_002";"laag";"Normaal";"Atlantisch";"binnen";NA;"Opp <= 1 ha";5631,651554
"15";"AN_BLA_001_3130a_17";"3130_aom";"IV2017120807491938";"AN_BLA_001_3130a_17";"AN_BLA_001";"Vincent Smeekens";"2017-07-14";"AN_BLA_001";"hoog";"Normaal";"Atlantisch";"binnen";"8267";"1 ha < Opp <= 5 ha";19186,151005
"16";"AN_BLA_001_3130n_17";"3130_na";"IV2017120807593495";"AN_BLA_001_3130n_17";"AN_BLA_001";"Vincent Smeekens";"2017-07-14";"AN_BLA_001";"hoog";"Normaal";"Atlantisch";"binnen";"8267";"1 ha < Opp <= 5 ha";19186,151005
"17";"AN_BOG_001_3130a_17";"3130_aom";"IV2017121311300313";"AN_BOG_001_3130a_17";"AN_BOG_001";"Vincent Smeekens";"2017-09-28";"AN_BOG_001";"hoog";"Uitzonderlijk laag";"Atlantisch";"binnen";"17563";"5 ha < Opp < 50 ha";65589,871109
"18";"AN_BOG_001_3130n_17";"3130_na";"IV2017121311393451";"AN_BOG_001_3130n_17";"AN_BOG_001";"Vincent Smeekens";"2017-09-28";"AN_BOG_001";"hoog";"Uitzonderlijk laag";"Atlantisch";"binnen";"17563";"5 ha < Opp < 50 ha";65589,871109
"19";"AN_DEB_001_3130a_18";"3130_aom";"IV2018101613204036";"AN_DEB_001_3130a_18";"AN_DEB_001";"Vincent Smeekens";"2018-09-25";"AN_DEB_001";"hoog";"Uitzonderlijk laag";"Atlantisch";"buiten";NA;"Opp <= 1 ha";6362,441292
"20";"AN_DES_004_3130a_16";"3130_aom";"IV2017042511154407";"AN_DES_004_3130a_16";"AN_DES_004";"Vincent Smeekens & Kevin Scheers";"2016-09-15";"AN_DES_004";"hoog";"Uitzonderlijk laag";"Atlantisch";"binnen";"BL_14413";"Opp <= 1 ha";8308,914497
"21";"AN_DES_004_3160_16";"3160";"IV2017042511431890";"AN_DES_004_3160_16";"AN_DES_004";"Vincent Smeekens & Kevin Scheers";"2016-09-15";"AN_DES_004";"hoog";"Uitzonderlijk laag";"Atlantisch";"binnen";"BL_14413";"Opp <= 1 ha";8308,914497
"22";"AN_DVH_001_3130n_18";"3130_na";"IV2018101611291989";"AN_DVH_001_3130n_18";"AN_DVH_001";"Vincent Smeekens & Kevin Scheers";"2018-10-03";"AN_DVH_001";"hoog";"Uitzonderlijk laag";"Atlantisch";"binnen";"5061";"1 ha < Opp <= 5 ha";33767,012237
"23";"AN_DVH_003_3130n_16";"3130_na";"IV2017040309413235";"AN_DVH_003_3130n_16";"AN_DVH_003";"Vincent Smeekens";"2016-09-21";"AN_DVH_003";"hoog";"Normaal";"Atlantisch";"binnen";"8287";"Opp <= 1 ha";9335,065559
"24";"AN_DVH_004_3130n_16";"3130_na";"IV2017042509585340";"AN_DVH_004_3130n_16";"AN_DVH_004";"Vincent Smeekens";"2016-08-23";"AN_DVH_004";"hoog";"Normaal";"Atlantisch";"binnen";"9746";"Opp <= 1 ha";465,13797
"25";"AN_DVH_004_3140_16";"3140";"IV2017042509542011";"AN_DVH_004_3140_16";"AN_DVH_004";"Vincent Smeekens";"2016-08-23";"AN_DVH_004";"hoog";"Normaal";"Atlantisch";"binnen";"9746";"Opp <= 1 ha";465,13797
"26";"AN_DVH_005_3130a_18";"3130_aom";"IV2018101611385572";"AN_DVH_005_3130a_18";"AN_DVH_005";"Vincent Smeekens & An Leyssen";"2018-07-26";"AN_DVH_005";"hoog";"Uitzonderlijk laag";"Atlantisch";"binnen";"5082";"5 ha < Opp < 50 ha";70921,570164
"27";"AN_DVH_005_3130n_18";"3130_na";"IV2018101611434662";"AN_DVH_005_3130n_18";"AN_DVH_005";"Vincent Smeekens & An Leyssen";"2018-07-26";"AN_DVH_005";"hoog";"Uitzonderlijk laag";"Atlantisch";"binnen";"5082";"5 ha < Opp < 50 ha";70921,570164
"28";"AN_DVH_007_3130n_17";"3130_na";"IV2018031611034923";"AN_DVH_007_3130n_17";"AN_DVH_007";"Vincent Smeekens";"2017-09-14";"AN_DVH_007";"hoog";"Uitzonderlijk laag";"Atlantisch";"binnen";"20280";"Opp <= 1 ha";2712,651581
"29";"AN_E10_001_3130a_18";"3130_aom";"IV2018101612012319";"AN_E10_001_3130a_18";"AN_E10_001";"Vincent Smeekens & Kevin Scheers";"2018-09-20";"AN_E10_001";"hoog";"Uitzonderlijk laag";"Atlantisch";"buiten";"5075";"5 ha < Opp < 50 ha";76612,67963
"30";"AN_E10_001_3130n_18";"3130_na";"IV2018101612080606";"AN_E10_001_3130n_18";"AN_E10_001";"Vincent Smeekens & Kevin Scheers";"2018-09-20";"AN_E10_001";"hoog";"Uitzonderlijk laag";"Atlantisch";"buiten";"5075";"5 ha < Opp < 50 ha";76612,67963
"31";"AN_E10_001_3140_18";"3140";"IV2018101612141219";"AN_E10_001_3140_18";"AN_E10_001";"Vincent Smeekens & Kevin Scheers";"2018-09-20";"AN_E10_001";"hoog";"Uitzonderlijk laag";"Atlantisch";"buiten";"5075";"5 ha < Opp < 50 ha";76612,67963
"32";"AN_E10_002_3130a_18";"3130_aom";"IV2018101514360810";"AN_E10_002_3130a_18";"AN_E10_002";"Vincent Smeekens & Kevin Scheers";"2018-07-25";"AN_E10_002";"hoog";"Normaal";"Atlantisch";"binnen";"8261";"5 ha < Opp < 50 ha";275122,541382
"33";"AN_E10_002_3150_18";"3150";"IV2018101514410150";"AN_E10_002_3150_18";"AN_E10_002";"Vincent Smeekens & Kevin Scheers";"2018-07-25";"AN_E10_002";"hoog";"Normaal";"Atlantisch";"binnen";"8261";"5 ha < Opp < 50 ha";275122,541382
"34";"AN_ENK_001_3160_18";"3160";"IV2018091107504655";"AN_ENK_001_3160_18";"AN_ENK_001";"Vincent Smeekens";"2018-08-24";"AN_ENK_001";"hoog";"Normaal";"Atlantisch";"binnen";"BL_5614";"Opp <= 1 ha";6990,273334
"35";"AN_ENK_002_3130a_18";"3130_aom";"IV2018091014594933";"AN_ENK_002_3130a_18";"AN_ENK_002";"Vincent Smeekens";"2018-08-24";"AN_ENK_002";"hoog";"Uitzonderlijk laag";"Atlantisch";"binnen";"BL_5607";"Opp <= 1 ha";4774,786533
"36";"AN_ENK_002_3160_18";"3160";"IV2018091015012343";"AN_ENK_002_3160_18";"AN_ENK_002";"Vincent Smeekens";"2018-08-24";"AN_ENK_002";"hoog";"Uitzonderlijk laag";"Atlantisch";"binnen";"BL_5607";"Opp <= 1 ha";4774,786533
"37";"AN_GIE_001_3130a_18";"3130_aom";"IV2018101514513628";"AN_GIE_001_3130a_18";"AN_GIE_001";"Vincent Smeekens & Kevin Scheers";"2018-09-28";"AN_GIE_001";"hoog";"Uitzonderlijk laag";"Atlantisch";"binnen";"20294";"5 ha < Opp < 50 ha";74816,938496
"38";"AN_GIE_001_3130n_18";"3130_na";"IV2018101514541455";"AN_GIE_001_3130n_18";"AN_GIE_001";"Vincent Smeekens & Kevin Scheers";"2018-09-28";"AN_GIE_001";"hoog";"Uitzonderlijk laag";"Atlantisch";"binnen";"20294";"5 ha < Opp < 50 ha";74816,938496
"39";"AN_GKH_001_3130n_18";"3130_na";"IV2018101514471402";"AN_GKH_001_3130n_18";"AN_GKH_001";"Vincent Smeekens & Kevin Scheers";"2018-09-27";"AN_GKH_001";"hoog";"Uitzonderlijk laag";"Atlantisch";"buiten";"8264";"1 ha < Opp <= 5 ha";40500,045918
"40";"AN_GRD_003_3130n_17";"3130_na";"IV2018020911440914";"AN_GRD_003_3130n_17";"AN_GRD_003";"Vincent Smeekens";"2017-09-06";"AN_GRD_003";"hoog";"Normaal";"Atlantisch";"binnen";NA;"Opp <= 1 ha";3032,858749
"41";"AN_GRD_003_3140_17";"3140";"IV2018020911503453";"AN_GRD_003_3140_17";"AN_GRD_003";"Vincent Smeekens";"2017-09-06";"AN_GRD_003";"hoog";"Normaal";"Atlantisch";"binnen";NA;"Opp <= 1 ha";3032,858749
"42";"AN_GSV_002_3130n_16";"3130_na";"IV2017042511540583";"AN_GSV_002_3130n_16";"AN_GSV_002";"Vincent Smeekens";"2016-09-30";"AN_GSV_002";"hoog";"Normaal";"Atlantisch";"binnen";"19113";"1 ha < Opp <= 5 ha";14866,952404
"43";"AN_GSV_003_3130a_17";"3130_aom";"IV2018020909145948";"AN_GSV_003_3130a_17";"AN_GSV_003";"Vincent Smeekens";"2017-08-18";"AN_GSV_003";"hoog";"Uitzonderlijk laag";"Atlantisch";"binnen";"18936";"Opp <= 1 ha";519,351395
"44";"AN_GSV_004_3140_17";"3140";"IV2017120813445226";"AN_GSV_004_3140_17";"AN_GSV_004";"Vincent Smeekens";"2017-08-18";"AN_GSV_004";"hoog";"Uitzonderlijk laag";"Atlantisch";"binnen";"18972";"Opp <= 1 ha";866,308739
"45";"AN_GSV_004_3150_17";"3150";"IV2017120813484970";"AN_GSV_004_3150_17";"AN_GSV_004";"Vincent Smeekens";"2017-08-18";"AN_GSV_004";"hoog";"Uitzonderlijk laag";"Atlantisch";"binnen";"18972";"Opp <= 1 ha";866,308739
"46";"AN_GSV_005_3160_17";"3160";"IV2018031512094752";"AN_GSV_005_3160_17";"AN_GSV_005";"Vincent Smeekens";"2017-09-29";"AN_GSV_005";"hoog";"Uitzonderlijk laag";"Atlantisch";"binnen";"BL_9666";"1 ha < Opp <= 5 ha";13563,797699
"47";"AN_GSV_006_3160_17";"3160";"IV2018010315005388";"AN_GSV_006_3160_17";"AN_GSV_006";"Vincent Smeekens";"2017-08-18";"AN_GSV_006";"hoog";"Droogstaand (groot deel)";"Atlantisch";"binnen";NA;"Opp <= 1 ha";2328,183292
"48";"AN_HAZ_001_3140_14";"3140";"IV2018102513502132";"AN_HAZ_001_3140_14";"AN_HAZ_001";"Jo Packet & Luc Denys";"2014-09-08";"AN_HAZ_001";"hoog";"Normaal";"Atlantisch";"buiten";"BL_503";"> 50 ha";665511,465029
"49";"AN_KAL_003_3160_16";"3160";"IV2017040309253000";"AN_KAL_003_3160_16";"AN_KAL_003";"Vincent Smeekens";"2016-09-20";"AN_KAL_003";"hoog";"Normaal";"Atlantisch";"binnen";"52508";"5 ha < Opp < 50 ha";101274,056522
"50";"AN_KAL_004_3130a_16";"3130_aom";"IV2017032009542119";"AN_KAL_004_3130a_16";"AN_KAL_004";"Vincent Smeekens & Kevin Scheers";"2016-11-04";"AN_KAL_004";"matig";"Droogstaand (groot deel)";"Atlantisch";"binnen";"BL_16696";"1 ha < Opp <= 5 ha";16361,627731
"51";"AN_KAL_006_3160_17";"3160";"IV2018022811012850";"AN_KAL_006_3160_17";"AN_KAL_006";"Vincent Smeekens & Kevin Scheers";"2017-10-27";"AN_KAL_006";"hoog";"Uitzonderlijk laag";"Atlantisch";"binnen";NA;"5 ha < Opp < 50 ha";417914,873924
"52";"AN_KAL_007_3160_16";"3160";"IV2017032009323636";"AN_KAL_007_3160_16";"AN_KAL_007";"Vincent Smeekens & Kevin Scheers";"2016-11-04";"AN_KAL_007";"hoog";"Normaal";"Atlantisch";"binnen";NA;"1 ha < Opp <= 5 ha";37545,878696
"53";"AN_KDN_001_3130a_16";"3130_aom";"IV2018030109342549";"AN_KDN_001_3130a_16";"AN_KDN_001";"Vincent Smeekens & Kevin Scheers";"2016-10-14";"AN_KDN_001";"hoog";"Uitzonderlijk laag";"Atlantisch";"binnen";"4844";"Opp <= 1 ha";2815,375767
"54";"AN_KDN_002_3130a_16";"3130_aom";"IV2017030215512887";"AN_KDN_002_3130a_16";"AN_KDN_002";"Vincent Smeekens";"2016-10-14";"AN_KDN_002";"hoog";NA;"Atlantisch";"binnen";"4825";"Opp <= 1 ha";2290,394165
"55";"AN_KDN_002_3140_16";"3140";"IV2017030216035187";"AN_KDN_002_3140_16";"AN_KDN_002";"Vincent Smeekens";"2016-10-14";"AN_KDN_002";"hoog";"Uitzonderlijk laag";"Atlantisch";"binnen";"4825";"Opp <= 1 ha";2290,394165
"56";"AN_KDN_003_3130a_17";"3130_aom";"IV2018030607421066";"AN_KDN_003_3130a_17";"AN_KDN_003";"Vincent Smeekens";"2017-06-23";"AN_KDN_003";"hoog";"Uitzonderlijk laag";"Atlantisch";"binnen";NA;"Opp <= 1 ha";1388,593571
"57";"AN_KDN_003_3140_17";"3140";"IV2018030607315791";"AN_KDN_003_3140_17";"AN_KDN_003";"Vincent Smeekens";"2017-06-23";"AN_KDN_003";"hoog";"Uitzonderlijk laag";"Atlantisch";"binnen";NA;"Opp <= 1 ha";1388,593571
"58";"AN_KSV_001_3160_18";"3160";"IV2018101206332344";"AN_KSV_001_3160_18";"AN_KSV_001";"Vincent Smeekens";"2018-09-25";"AN_KSV_001";"hoog";"Uitzonderlijk laag";"Atlantisch";"binnen";"BL_16571";"1 ha < Opp <= 5 ha";17019,908485
"59";"AN_KSV_004_3160_17";"3160";"IV2018022808283147";"AN_KSV_004_3160_17";"AN_KSV_004";"Vincent Smeekens";"2017-10-10";"AN_KSV_004";"hoog";"Uitzonderlijk laag";"Atlantisch";"binnen";"BL_16583";"Opp <= 1 ha";1780,523212
"60";"AN_KSV_005_3160_17";"3160";"IV2018022808192220";"AN_KSV_005_3160_17";"AN_KSV_005";"Vincent Smeekens";"2017-10-06";"AN_KSV_005";"hoog";"Uitzonderlijk laag";"Atlantisch";"binnen";"BL_16610";"Opp <= 1 ha";3748,376251
"61";"AN_KVD_003_3130a_17";"3130_aom";"IV2018020911594119";"AN_KVD_003_3130a_17";"AN_KVD_003";"Vincent Smeekens";"2017-09-15";"AN_KVD_003";"hoog";"Normaal";"Atlantisch";"binnen";"BL_13147";"1 ha < Opp <= 5 ha";26129,43882
"62";"AN_KVD_003_3160_17";"3160";"IV2018020912063019";"AN_KVD_003_3160_17";"AN_KVD_003";"Vincent Smeekens";"2017-09-15";"AN_KVD_003";"hoog";"Normaal";"Atlantisch";"binnen";"BL_13147";"1 ha < Opp <= 5 ha";26129,43882
"63";"AN_LDL_001_3160_16";"3160";"IV2017040410373172";"AN_LDL_001_3160_16";"AN_LDL_001";"Vincent Smeekens";"2016-09-08";"AN_LDL_001";"hoog";"Uitzonderlijk laag";"Atlantisch";"binnen";"8225";"1 ha < Opp <= 5 ha";21852,945663
"64";"AN_LDL_002_3130a_16";"3130_aom";"IV2017040410525894";"AN_LDL_002_3130a_16";"AN_LDL_002";"Vincent Smeekens & Kevin Scheers";"2016-09-15";"AN_LDL_002";"hoog";"Normaal";"Atlantisch";"binnen";"187";"Opp <= 1 ha";1806,009232
"65";"AN_LDL_003_3160_16";"3160";"IV2017040410453770";"AN_LDL_003_3160_16";"AN_LDL_003";"Vincent Smeekens";"2016-09-08";"AN_LDL_003";"hoog";"Uitzonderlijk laag";"Atlantisch";"binnen";"17102";"Opp <= 1 ha";579,358772
"66";"AN_LDL_004_3130a_18";"3130_aom";"IV2018091008414123";"AN_LDL_004_3130a_18";"AN_LDL_004";"Vincent Smeekens en Jonathan Verborgt";"2018-08-31";"AN_LDL_004";"hoog";"Uitzonderlijk laag";"Atlantisch";"binnen";"BL_13858";"1 ha < Opp <= 5 ha";10566,899303
"67";"AN_LIL_001_3130a_16";"3130_aom";"IV2017032010493372";"AN_LIL_001_3130a_16";"AN_LIL_001";"Vincent Smeekens";"2016-10-13";"AN_LIL_001";"hoog";"Uitzonderlijk laag";"Atlantisch";"binnen";"4849";"Opp <= 1 ha";780,394421
"68";"AN_MEC_002_3150_18";"3150";"IV2018082814440090";"AN_MEC_002_3150_18";"AN_MEC_002";"Vincent Smeekens";"2018-06-06";"AN_MEC_002";"hoog";"Normaal";"Atlantisch";"buiten";"BL_19156";"Opp <= 1 ha";61,166452
"69";"AN_MOE_001_3130a_17";"3130_aom";"IV2018022809230402";"AN_MOE_001_3130a_17";"AN_MOE_001";"Vincent Smeekens";"2017-09-29";"AN_MOE_001";"hoog";"Normaal";"Atlantisch";"binnen";"BL_19615";"Opp <= 1 ha";524,855659
"70";"AN_MOE_001_3140_17";"3140";"IV2018022809172113";"AN_MOE_001_3140_17";"AN_MOE_001";"Vincent Smeekens";"2017-09-29";"AN_MOE_001";"hoog";"Normaal";"Atlantisch";"binnen";"BL_19615";"Opp <= 1 ha";524,855659
"71";"AN_MOL_001_3130n_14";"3130_na";"IV2018102513241287";"AN_MOL_001_3130n_14";"AN_MOL_001";"Jo Packet & Luc Denys";"2014-09-01";"AN_MOL_001";"hoog";"Normaal";"Atlantisch";"buiten";"1545";"> 50 ha";1366822,132057
"72";"AN_MOL_001_3140_14";"3140";"IV2018102513330797";"AN_MOL_001_3140_14";"AN_MOL_001";"Jo Packet & Luc Denys";"2014-09-01";"AN_MOL_001";"hoog";"Normaal";"Atlantisch";"buiten";"1545";"> 50 ha";1366822,132057
"73";"AN_MOL_001_3150_14";"3150";"IV2018102513371536";"AN_MOL_001_3150_14";"AN_MOL_001";"Jo Packet & Luc Denys";"2014-09-01";"AN_MOL_001";"hoog";"Normaal";"Atlantisch";"buiten";"1545";"> 50 ha";1366822,132057
"74";"AN_MOL_002_3150_14";"3150";"IV2018102513452791";"AN_MOL_002_3150_14";"AN_MOL_002";"Jo Packet & Luc Denys";"2014-09-01";"AN_MOL_002";"hoog";"Normaal";"Atlantisch";"buiten";"5079";"> 50 ha";883809,182934
"75";"AN_MOL_003_3130a_16";"3130_aom";"IV2017032011335845";"AN_MOL_003_3130a_16";"AN_MOL_003";"Vincent Smeekens";"2016-10-13";"AN_MOL_003";"hoog";"Normaal";"Atlantisch";"binnen";NA;"Opp <= 1 ha";8644,193672
"76";"AN_MOL_003_3140_16";"3140";"IV2017032011233563";"AN_MOL_003_3140_16";"AN_MOL_003";"Vincent Smeekens";"2016-10-13";"AN_MOL_003";"hoog";"Normaal";"Atlantisch";"binnen";NA;"Opp <= 1 ha";8644,193672
"77";"AN_MOL_003_3160_16";"3160";"IV2017032011441776";"AN_MOL_003_3160_16";"AN_MOL_003";"Vincent Smeekens";"2016-10-13";"AN_MOL_003";"hoog";"Normaal";"Atlantisch";"binnen";NA;"Opp <= 1 ha";8644,193672
"78";"AN_MOS_002_3160_18";"3160";"IV2018083009213994";"AN_MOS_002_3160_18";"AN_MOS_002";"Vincent Smeekens";"2018-07-18";"AN_MOS_002";"hoog";"Uitzonderlijk laag";"Atlantisch";"binnen";"BL_16911";"Opp <= 1 ha";120,661869
"79";"AN_OLB_002_3130a_18";"3130_aom";"IV2018083010065136";"AN_OLB_002_3130a_18";"AN_OLB_002";"Vincent Smeekens";"2018-06-18";"AN_OLB_002";"hoog";"Uitzonderlijk laag";"Atlantisch";"binnen";"BL_6109";"Opp <= 1 ha";118,193451
"80";"AN_RAV_002_3130a_17";"3130_aom";"IV2018022808000208";"AN_RAV_002_3130a_17";"AN_RAV_002";"Vincent Smeekens";"2017-09-15";"AN_RAV_002";"hoog";"Normaal";"Atlantisch";"binnen";"BL_13081";"Opp <= 1 ha";2163,513268
"81";"AN_RAV_003_3130a_18";"3130_aom";"IV2018082110485943";"AN_RAV_003_3130a_18";"AN_RAV_003";"Vincent Smeekens";"2018-06-04";"AN_RAV_003";NA;"Normaal";"Atlantisch";"binnen";"BL_12834";"1 ha < Opp <= 5 ha";11572,732212
"82";"AN_RPT_002_3130a_16";"3130_aom";"IV2017032810490646";"AN_RPT_002_3130a_16";"AN_RPT_002";"Vincent Smeekens";"2016-09-09";"AN_RPT_002";"hoog";NA;"Atlantisch";"binnen";"16556";"5 ha < Opp < 50 ha";142741,603577
"83";"AN_RPT_002_3130n_16";"3130_na";"IV2017032810361983";"AN_RPT_002_3130n_16";"AN_RPT_002";"Vincent Smeekens";"2016-09-09";"AN_RPT_002";"hoog";"Normaal";"Atlantisch";"binnen";"16556";"5 ha < Opp < 50 ha";142741,603577
"84";"AN_RPT_003_3130a_17";"3130_aom";"IV2017120707423829";"AN_RPT_003_3130a_17";"AN_RPT_003";"Vincent Smeekens";"2017-07-26";"AN_RPT_003";"hoog";"Normaal";"Atlantisch";"binnen";"5055";"5 ha < Opp < 50 ha";51862,660225
"85";"AN_RPT_003_3130n_17";"3130_na";"IV2017120707501887";"AN_RPT_003_3130n_17";"AN_RPT_003";"Vincent Smeekens";"2017-07-26";"AN_RPT_003";"hoog";"Normaal";"Atlantisch";"binnen";"5055";"5 ha < Opp < 50 ha";51862,660225
"86";"AN_RPT_005_3140_18";"3150";"IV2018082714551969";"AN_RPT_005_3140_18";"AN_RPT_005";"Vincent Smeekens";"2018-07-20";"AN_RPT_005";"hoog";"Uitzonderlijk laag";"Atlantisch";"binnen";"BL_14586";"Opp <= 1 ha";2540,804508
"87";"AN_RPT_005_3150_18";"3150";"IV2018082714371371";"AN_RPT_005_3150_18";"AN_RPT_005";"Vincent Smeekens";"2018-07-20";"AN_RPT_005";"hoog";"Uitzonderlijk laag";"Atlantisch";"binnen";"BL_14586";"Opp <= 1 ha";2540,804508
"88";"AN_RVS_002_3130n_17";"3130_na";"IV2017121311203577";"AN_RVS_002_3130n_17";"AN_RVS_002";"Vincent Smeekens & Kevin Scheers";"2017-09-01";"AN_RVS_002";"hoog";"Normaal";"Atlantisch";"binnen";"8278";"5 ha < Opp < 50 ha";152751,473328
"89";"AN_SEL_002_3150_17";"3150";"IV2017120808142110";"AN_SEL_002_3150_17";"AN_SEL_002";"Vincent Smeekens & Kevin Scheers";"2017-06-29";"AN_SEL_002";"hoog";"Uitzonderlijk laag";"Atlantisch";"binnen";"991";"Opp <= 1 ha";936,498775
"90";"AN_SNE_003_3130a_16";"3130_aom";"IV2017042510593494";"AN_SNE_003_3130a_16";"AN_SNE_003";"Vincent Smeekens & Kevin Scheers";"2016-09-28";"AN_SNE_003";"hoog";"Normaal";"Atlantisch";"binnen";"55439";"Opp <= 1 ha";7285,933887
"91";"AN_SNE_003_3160_16";"3160";"IV2017042510565778";"AN_SNE_003_3160_16";"AN_SNE_003";"Vincent Smeekens & Kevin Scheers";"2016-09-28";"AN_SNE_003";"hoog";"Normaal";"Atlantisch";"binnen";"55439";"Opp <= 1 ha";7285,933887
"92";"AN_SNE_004_3130a_16";"3130_aom";"IV2017030812063258";"AN_SNE_004_3130a_16";"AN_SNE_004";"Vincent Smeekens";"2016-10-18";"AN_SNE_004";"hoog";"Uitzonderlijk laag";"Atlantisch";"binnen";"55457";"Opp <= 1 ha";497,445564
"93";"AN_SNE_004_3160_16";"3160";"IV2017030812170830";"AN_SNE_004_3160_16";"AN_SNE_004";"Vincent Smeekens";"2016-10-18";"AN_SNE_004";"hoog";"Uitzonderlijk laag";"Atlantisch";"binnen";"55457";"Opp <= 1 ha";497,445564
"94";"AN_SNE_006_3130a_18";"3130_aom";"IV2018101613254663";"AN_SNE_006_3130a_18";"AN_SNE_006";"Vincent Smeekens & Kevin Scheers";"2018-09-14";"AN_SNE_006";"hoog";"Uitzonderlijk laag";"Atlantisch";"binnen";"BL_5953";"1 ha < Opp <= 5 ha";44217,188934
"95";"AN_SNE_008_3130a_18";"3130_aom";"IV2018101613064311";"AN_SNE_008_3130a_18";"AN_SNE_008";"Vincent Smeekens";"2018-09-17";"AN_SNE_008";"hoog";"Uitzonderlijk laag";"Atlantisch";"binnen";"BL_17523";"5 ha < Opp < 50 ha";76267,550941
"96";"AN_SPB_002_3130a_18";"3130_aom";"IV2018101722034851";"AN_SPB_002_3130a_18";"AN_SPB_002";"Jo Packet";"2018-09-24";"AN_SPB_002";"hoog";"Uitzonderlijk laag";"Atlantisch";"binnen";NA;"Opp <= 1 ha";554,795002
"97";"AN_STB_001_3150_17";"3150";"IV2018082012290419";"AN_STB_001_3150_17";"AN_STB_001";"Jo Packet";"2017-08-21";"AN_STB_001";"hoog";"Normaal";"Atlantisch";"binnen";NA;"Opp <= 1 ha";107,689245
"98";"AN_TIE_002_3130a_17";"3130_aom";"IV2018022808561819";"AN_TIE_002_3130a_17";"AN_TIE_002";"Vincent Smeekens";"2017-10-05";"AN_TIE_002";"hoog";"Uitzonderlijk laag";"Atlantisch";"binnen";"51894";"5 ha < Opp < 50 ha";81135,950512
"99";"AN_TIE_002_3160_17";"3160";"IV2018022809110643";"AN_TIE_002_3160_17";"AN_TIE_002";"Vincent Smeekens";"2017-10-05";"AN_TIE_002";"hoog";"Uitzonderlijk laag";"Atlantisch";"binnen";"51894";"5 ha < Opp < 50 ha";81135,950512
"100";"AN_TIK_002_3130a_16";"3130_aom";"IV2017040310093041";"AN_TIK_002_3130a_16";"AN_TIK_002";"Vincent Smeekens";"2016-09-12";"AN_TIK_002";"hoog";"Uitzonderlijk laag";"Atlantisch";"binnen";"BL_14158";"Opp <= 1 ha";1878,47036
"101";"AN_TUR_001_3130a_16";"3130_aom";"IV2017032010113891";"AN_TUR_001_3130a_16";"AN_TUR_001";"Vincent Smeekens";"2016-10-20";"AN_TUR_001";"hoog";"Normaal";"Atlantisch";"binnen";"19136";"Opp <= 1 ha";1456,533268
"102";"AN_TVG_002_3110_18";"3110";"IV2018082708404936";"AN_TVG_002_3110_18";"AN_TVG_002";"Vincent Smeekens en Kevin Scheers";"2018-07-13";"AN_TVG_002";"hoog";"Uitzonderlijk laag";"Atlantisch";"binnen";"20518";"5 ha < Opp < 50 ha";84929,308151
"103";"AN_TVG_002_3130a_18";"3130_aom";"IV2018082708514386";"AN_TVG_002_3130a_18";"AN_TVG_002";"Kevin Scheers en Vincent Smeekens";"2018-07-13";"AN_TVG_002";"hoog";"Uitzonderlijk laag";"Atlantisch";"binnen";"20518";"5 ha < Opp < 50 ha";84929,308151
"104";"AN_TVG_002_3130n_18";"3130_na";"IV2018082708265940";"AN_TVG_002_3130n_18";"AN_TVG_002";"Vincent Smeekens en Kevin Scheers";"2018-07-13";"AN_TVG_002";"hoog";"Uitzonderlijk laag";"Atlantisch";"binnen";"20518";"5 ha < Opp < 50 ha";84929,308151
"105";"AN_TVG_003_3130a_16";"3130_aom";"IV2017042509124286";"AN_TVG_003_3130a_16";"AN_TVG_003";"Vincent Smeekens";"2016-08-25";"AN_TVG_003";"hoog";"Normaal";"Atlantisch";"binnen";"52490";"5 ha < Opp < 50 ha";54973,859318
"106";"AN_TVG_003_3130n_16";"3130_na";"IV2017042509274762";"AN_TVG_003_3130n_16";"AN_TVG_003";"Vincent Smeekens";"2016-08-25";"AN_TVG_003";"hoog";"Normaal";"Atlantisch";"binnen";"52490";"5 ha < Opp < 50 ha";54973,859318
"107";"AN_TVG_004_3130a_16";"3130_aom";"IV2017032011501490";"AN_TVG_004_3130a_16";"AN_TVG_004";"Vincent Smeekens";"2016-10-20";"AN_TVG_004";"hoog";"Normaal";"Atlantisch";"binnen";"19005";"Opp <= 1 ha";1721,956276
"108";"AN_TVG_005_3110_18";"3110";"IV2018082413550581";"AN_TVG_005_3110_18";"AN_TVG_005";"Kevin Scheers en Vincent Smeekens";"2018-07-10";"AN_TVG_005";"hoog";"Normaal";"Atlantisch";"binnen";NA;"1 ha < Opp <= 5 ha";36234,007214
"109";"AN_TVG_005_3130a_18";"3130_aom";"IV2018082414191907";"AN_TVG_005_3130a_18";"AN_TVG_005";"Kevin Scheers en Vincent Smeekens";"2018-07-10";"AN_TVG_005";"hoog";"Normaal";"Atlantisch";"binnen";NA;"1 ha < Opp <= 5 ha";36234,007214
"110";"AN_TVG_005_3130n_18";"3130_na";"IV2018082414303701";"AN_TVG_005_3130n_18";"AN_TVG_005";"Kevin Scheers en Vincent Smeekens";"2018-07-10";"AN_TVG_005";"hoog";"Normaal";"Atlantisch";"binnen";NA;"1 ha < Opp <= 5 ha";36234,007214
"111";"AN_VOL_001_3130a_16";"3130_aom";"IV2017040310252958";"AN_VOL_001_3130a_16";"AN_VOL_001";"Vincent Smeekens";"2016-09-27";"AN_VOL_001";"hoog";"Normaal";"Atlantisch";"binnen";NA;"Opp <= 1 ha";6135,532871
"112";"AN_VOL_002_3130a_18";"3130_aom";"IV2018082908183624";"AN_VOL_002_3130a_18";"AN_VOL_002";"Vincent Smeekens";"2018-07-18";"AN_VOL_002";"hoog";"Droogstaand (groot deel)";"Atlantisch";"binnen";NA;"Opp <= 1 ha";3958,81284
"113";"AN_VOL_002_3130n_18";"3130_na";"IV2018082908092463";"AN_VOL_002_3130n_18";"AN_VOL_002";"Vincent Smeekens";"2018-07-18";"AN_VOL_002";"hoog";"Droogstaand (groot deel)";"Atlantisch";"binnen";NA;"Opp <= 1 ha";3958,81284
"114";"AN_VVM_001_3130n_16";"3130_na";"IV2018082108515790";"AN_VVM_001_3130n_16";"AN_VVM_001";"Vincent Smeekens";"2016-09-20";"AN_VVM_001";"hoog";"Droogstaand (groot deel)";"Atlantisch";"binnen";NA;"Opp <= 1 ha";3299,12944
"115";"AN_VVM_002_3160_16";"3160";"IV2017032011215641";"AN_VVM_002_3160_16";"AN_VVM_002";"Vincent Smeekens";"2016-10-21";"AN_VVM_002";"hoog";"Uitzonderlijk laag";"Atlantisch";"binnen";NA;"Opp <= 1 ha";7147,407295
"116";"AN_VVM_003_3130a_18";"3130_aom";"IV2018082308241033";"AN_VVM_003_3130a_18";"AN_VVM_003";"Vincent Smeekens";"2018-06-21";"AN_VVM_003";"hoog";"Uitzonderlijk laag";"Atlantisch";"buiten";"BWK_86";"Opp <= 1 ha";423,448551
"117";"AN_VVM_004_3130a_18";"3130_aom";"IV2018091008443422";"AN_VVM_004_3130a_18";"AN_VVM_004";"Vincent Smeekens en Jo Packet";"2018-08-17";"AN_VVM_004";"hoog";"Droogstaand (groot deel)";"Atlantisch";"buiten";"BL_11949";"Opp <= 1 ha";9018,33725
"118";"AN_VVM_004_3160_18";"3160";"IV2018091009073533";"AN_VVM_004_3160_18";"AN_VVM_004";"Vincent Smeekens en Jo Packet";"2018-08-17";"AN_VVM_004";"hoog";"Droogstaand (groot deel)";"Atlantisch";"buiten";"BL_11949";"Opp <= 1 ha";9018,33725
"119";"AN_ZAM_002_3150_17";"3150";"IV2017121415181838";"AN_ZAM_002_3150_17";"AN_ZAM_002";"Kevin Scheers";"2017-08-02";"AN_ZAM_002";"hoog";"Uitzonderlijk laag";"Atlantisch";"binnen";"BL_5915";"Opp <= 1 ha";771,373142
"120";"AN_ZAM_003_3150_17";"3150";"IV2018020909033210";"AN_ZAM_003_3150_17";"AN_ZAM_003";"Kevin Scheers";"2017-08-02";"AN_ZAM_003";"hoog";"Uitzonderlijk laag";"Atlantisch";"binnen";"BL_5876";"Opp <= 1 ha";1522,384792
"121";"AN_ZEG_002_3130n_17";"3130_na";"IV2018090609025511";"AN_ZEG_002_3130n_17";"AN_ZEG_002";"Kevin Scheers en Vincent Smeekens";"2017-08-31";"AN_ZEG_002";"hoog";"Normaal";"Atlantisch";"binnen";"BL_6004";"1 ha < Opp <= 5 ha";43779,012199
"122";"AN_ZEG_002_3150_17";"3150";"IV2018090609212270";"AN_ZEG_002_3150_17";"AN_ZEG_002";"Vincent Smeekens en Kevin Scheers";"2017-08-25";"AN_ZEG_002";"hoog";"Uitzonderlijk laag";"Atlantisch";"binnen";"BL_6004";"1 ha < Opp <= 5 ha";43779,012199
"123";"AN_ZEG_003_3150_17";"3150";"IV2018030208294109";"AN_ZEG_003_3150_17";"AN_ZEG_003";"Vincent Smeekens & Kevin Scheers";"2017-08-24";"AN_ZEG_003";"hoog";"Normaal";"Atlantisch";"binnen";"BL_6189";"5 ha < Opp < 50 ha";192394,179955
"124";"AN_ZEG_004_3130a_18";"3130_aom";"IV2018090514203660";"AN_ZEG_004_3130a_18";"AN_ZEG_004";"Kevin Scheers";"2017-07-17";"AN_ZEG_004";"hoog";"Normaal";"Atlantisch";"binnen";"BL_6041";"Opp <= 1 ha";2669,631702
"125";"LI_ABH_011_3160_17";"3160";"IV2018022807152484";"LI_ABH_011_3160_17";"LI_ABH_011";"Vincent Smeekens";"2017-06-30";"LI_ABH_011";"hoog";"Normaal";"Atlantisch";"binnen";"44276";"1 ha < Opp <= 5 ha";13921,384739
"126";"LI_BAT_001_3130a_18";"3130_aom";"IV2018090508595162";"LI_BAT_001_3130a_18";"LI_BAT_001";"Kevin Scheers";"2018-08-01";"LI_BAT_001";"hoog";"Uitzonderlijk laag";"Atlantisch";"binnen";NA;"1 ha < Opp <= 5 ha";39875,486691
"127";"LI_BAT_001_3160_18";"3160";"IV2018090509082763";"LI_BAT_001_3160_18";"LI_BAT_001";"Kevin Scheers";"2018-08-01";"LI_BAT_001";"hoog";"Uitzonderlijk laag";"Atlantisch";"binnen";NA;"1 ha < Opp <= 5 ha";39875,486691
"128";"LI_BBV_001_3130a_18";"3130_aom";"IV2018101612510334";"LI_BBV_001_3130a_18";"LI_BBV_001";"Vincent Smeekens";"2018-09-10";"LI_BBV_001";"hoog";"Droogstaand (groot deel)";"Atlantisch";"binnen";NA;"Opp <= 1 ha";899,419361
"129";"LI_BEG_002_3130a_18";"3130_aom";"IV2018101721472947";"LI_BEG_002_3130a_18";"LI_BEG_002";"Jo Packet";"2018-09-24";"LI_BEG_002";"hoog";"Uitzonderlijk laag";"Atlantisch";"binnen";"BL_73609";"1 ha < Opp <= 5 ha";10549,089981
"130";"LI_BEG_003_3130a_18";"3130_aom";"IV2018101721305466";"LI_BEG_003_3130a_18";"LI_BEG_003";"Jo Packet";"2018-09-25";"LI_BEG_003";"hoog";"Droogstaand (groot deel)";"Atlantisch";"binnen";NA;"Opp <= 1 ha";1561,732288
"131";"LI_BER_001_3130a_18";"3130_aom";"IV2018101206401783";"LI_BER_001_3130a_18";"LI_BER_001";"Vincent Smeekens & Kevin Scheers";"2018-10-05";"LI_BER_001";"hoog";"Uitzonderlijk laag";"Atlantisch";"binnen";"8276";"5 ha < Opp < 50 ha";150207,242523
"132";"LI_BER_001_3130n_18";"3130_na";"IV2018101206470581";"LI_BER_001_3130n_18";"LI_BER_001";"Vincent Smeekens & Kevin Scheers";"2018-10-05";"LI_BER_001";"hoog";"Uitzonderlijk laag";"Atlantisch";"binnen";"8276";"5 ha < Opp < 50 ha";150207,242523
"133";"LI_BER_003_3130n_18";"3130_na";"IV2018101715281848";"LI_BER_003_3130n_18";"LI_BER_003";"Vincent Smeekens & Kevin Scheers";"2018-10-17";"LI_BER_003";"hoog";"Uitzonderlijk laag";"Atlantisch";"binnen";"BL_75903";"1 ha < Opp <= 5 ha";17273,322865
"134";"LI_BER_003_3140_18";"3140";"IV2018101715313167";"LI_BER_003_3140_18";"LI_BER_003";"Vincent Smeekens & Kevin Scheers";"2018-10-17";"LI_BER_003";"hoog";"Uitzonderlijk laag";"Atlantisch";"binnen";"BL_75903";"1 ha < Opp <= 5 ha";17273,322865
"135";"LI_BER_004_3130a_18";"3130_aom";"IV2018090510275856";"LI_BER_004_3130a_18";"LI_BER_004";"Kevin Scheers";"2018-08-02";"LI_BER_004";"hoog";"Normaal";"Atlantisch";"binnen";NA;"Opp <= 1 ha";1592,331173
"136";"LI_BOK_001_3150_18";"3150";"IV2018101515184939";"LI_BOK_001_3150_18";"LI_BOK_001";"Vincent Smeekens";"2018-09-18";"LI_BOK_001";"hoog";"Normaal";"Atlantisch";"binnen";"19961";"Opp <= 1 ha";7373,111309
"137";"LI_BOK_002_3130n_18";"3130_na";"IV2018101612410860";"LI_BOK_002_3130n_18";"LI_BOK_002";"Vincent Smeekens";"2018-10-01";"LI_BOK_002";"hoog";"Uitzonderlijk laag";"Atlantisch";"binnen";"20099";"1 ha < Opp <= 5 ha";35800,909416
"138";"LI_BOK_003_3130n_18";"3130_na";"IV2018101612451289";"LI_BOK_003_3130n_18";"LI_BOK_003";"Vincent Smeekens";"2018-09-18";"LI_BOK_003";"hoog";"Uitzonderlijk laag";"Atlantisch";"binnen";"18844";"1 ha < Opp <= 5 ha";22321,763317
"139";"LI_BOK_004_3130a_16";"3130_aom";"IV2017072509005921";"LI_BOK_004_3130a_16";"LI_BOK_004";"Vincent Smeekens, Jo P, An L, Kevin S";"2016-09-16";"LI_BOK_004";"hoog";"Normaal";"Atlantisch";"binnen";"18864";"1 ha < Opp <= 5 ha";24757,82822
"140";"LI_BOK_004_3130n_16";"3130_na";"IV2017072508474428";"LI_BOK_004_3130n_16";"LI_BOK_004";"Vincent Smeekens, Jo P, An L, Kevin S";"2016-09-16";"LI_BOK_004";"hoog";"Normaal";"Atlantisch";"binnen";"18864";"1 ha < Opp <= 5 ha";24757,82822
"141";"LI_BOK_006_3130a_16";"3130_aom";"IV2018082108175259";"LI_BOK_006_3130a_16";"LI_BOK_006";"An Leyssen";"2016-09-13";"LI_BOK_006";"hoog";"Uitzonderlijk laag";"Atlantisch";"binnen";"20200";"Opp <= 1 ha";6854,46545
"142";"LI_BOK_006_3130n_16";"3130_na";"IV2018082107552331";"LI_BOK_006_3130n_16";"LI_BOK_006";"An Leyssen";"2016-09-13";"LI_BOK_006";"hoog";"Uitzonderlijk laag";"Atlantisch";"binnen";"20200";"Opp <= 1 ha";6854,46545
"143";"LI_BOK_007_3130a_17";"3130_aom";"IV2017121312021093";"LI_BOK_007_3130a_17";"LI_BOK_007";"An Leyssen";"2016-09-20";"LI_BOK_007";"hoog";"Normaal";"Atlantisch";"binnen";"BL_75059";"1 ha < Opp <= 5 ha";25272,535984
"144";"LI_BOK_007_3130n_17";"3130_na";"IV2017121311494712";"LI_BOK_007_3130n_17";"LI_BOK_007";"An Leyssen";"2016-09-20";"LI_BOK_007";"hoog";"Normaal";"Atlantisch";"binnen";"BL_75059";"1 ha < Opp <= 5 ha";25272,535984
"145";"LI_BOK_008_3130a_16";"3130_aom";"IV2018082015012770";"LI_BOK_008_3130a_16";"LI_BOK_008";"An Leyssen";"2016-09-20";"LI_BOK_008";"hoog";"Normaal";"Atlantisch";"binnen";"BL_74284";"Opp <= 1 ha";4985,520946
"146";"LI_BOK_008_3130n_16";"3130_na";"IV2018082014440693";"LI_BOK_008_3130n_16";"LI_BOK_008";"An Leyssen";"2016-09-08";"LI_BOK_008";"hoog";"Normaal";"Atlantisch";"binnen";"BL_74284";"Opp <= 1 ha";4985,520946
"147";"LI_DKV_002_3140_17";"3140";"IV2017120813404463";"LI_DKV_002_3140_17";"LI_DKV_002";"Kevin Scheers";"2017-06-27";"LI_DKV_002";"hoog";"Uitzonderlijk laag";"Atlantisch";"binnen";NA;"Opp <= 1 ha";152,154621
"148";"LI_DON_002_3130a_17";"3130_aom";"IV2017120707274258";"LI_DON_002_3130a_17";"LI_DON_002";"Vincent Smeekens & Kevin Scheers";"2017-09-22";"LI_DON_002";"hoog";"Normaal";"Atlantisch";"binnen";"16501";"5 ha < Opp < 50 ha";50477,601448
"149";"LI_DON_002_3160_17";"3160";"IV2017120618385593";"LI_DON_002_3160_17";"LI_DON_002";"Vincent Smeekens & Kevin Scheers";"2017-09-22";"LI_DON_002";"hoog";"Normaal";"Atlantisch";"binnen";"16501";"5 ha < Opp < 50 ha";50477,601448
"150";"LI_DON_003_3160_17";"3160";"IV2017120618361898";"LI_DON_003_3160_17";"LI_DON_003";"Vincent Smeekens & Kevin Scheers";"2017-09-22";"LI_DON_003";"hoog";"Uitzonderlijk laag";"Atlantisch";"binnen";NA;"Opp <= 1 ha";1484,459328
"151";"LI_EGO_001_3150_18";"3150";"IV2018101721571240";"LI_EGO_001_3150_18";"LI_EGO_001";"Jo Packet";"2018-09-24";"LI_EGO_001";"hoog";"Normaal";"Atlantisch";"binnen";NA;"Opp <= 1 ha";95,344122
"152";"LI_HAG_001_3160_18";"3160";"IV2018082315010378";"LI_HAG_001_3160_18";"LI_HAG_001";"Vincent Smeekens";"2018-06-25";"LI_HAG_001";"hoog";"Normaal";"Atlantisch";"binnen";"BL_71028";"Opp <= 1 ha";2653,010189
"153";"LI_HAG_002_3130a_18";"3130_aom";"IV2018082215075182";"LI_HAG_002_3130a_18";"LI_HAG_002";"Vincent Smeekens";"2018-06-05";"LI_HAG_002";"hoog";"Uitzonderlijk laag";"Atlantisch";"binnen";"BL_77951";"Opp <= 1 ha";194,639362
"154";"LI_HAG_003_3160_18";"3160";"IV2018082909343381";"LI_HAG_003_3160_18";"LI_HAG_003";"Vincent Smeekens";"2018-06-25";"LI_HAG_003";"hoog";"Normaal";"Atlantisch";"binnen";"BL_77939";"Opp <= 1 ha";893,817307
"155";"LI_HAG_004_3130a_18";"3130_aom";"IV2018101613004118";"LI_HAG_004_3130a_18";"LI_HAG_004";"Vincent Smeekens";"2018-06-05";"LI_HAG_004";"hoog";"Normaal";"Atlantisch";"binnen";"BL_77944";"Opp <= 1 ha";10156,040855
"156";"LI_HAG_004_3130n_18";"3130_na";"IV2018101612554328";"LI_HAG_004_3130n_18";"LI_HAG_004";"Vincent Smeekens";"2018-06-05";"LI_HAG_004";"matig";"Normaal";"Atlantisch";"binnen";"BL_77944";"Opp <= 1 ha";10156,040855
"157";"LI_HOE_001_3130a_18";"3130_aom";"IV2018090608472872";"LI_HOE_001_3130a_18";"LI_HOE_001";"Kevin Scheers";"2018-08-03";"LI_HOE_001";"hoog";"Uitzonderlijk laag";"Atlantisch";"binnen";NA;"Opp <= 1 ha";8865,684246
"158";"LI_JUF_001_3130a_18";"3130_aom";"IV2018091311143990";"LI_JUF_001_3130a_18";"LI_JUF_001";"Jo Packet";"2018-08-16";"LI_JUF_001";"hoog";"Droogstaand (groot deel)";"Atlantisch";"binnen";"20155";"1 ha < Opp <= 5 ha";34838,577919
"159";"LI_JUF_001_3130n_18";"3130_na";"IV2018091310241016";"LI_JUF_001_3130n_18";"LI_JUF_001";"Jo Packet";"2018-08-16";"LI_JUF_001";"hoog";NA;"Atlantisch";"binnen";"20155";"1 ha < Opp <= 5 ha";34838,577919
"160";"LI_LAN_008_3150_16";"3150";"IV2017032810192681";"LI_LAN_008_3150_16";"LI_LAN_008";"Vincent Smeekens";"2016-09-22";"LI_LAN_008";"hoog";"Uitzonderlijk laag";"Atlantisch";"binnen";"20355";"Opp <= 1 ha";9282,693283
"161";"LI_LOM_001_3130a_18";"3130_aom";"IV2018082712222671";"LI_LOM_001_3130a_18";"LI_LOM_001";"Vincent Smeekens";"2018-07-17";"LI_LOM_001";"hoog";"Uitzonderlijk laag";"Atlantisch";"buiten";"BL_70818";"1 ha < Opp <= 5 ha";11299,603226
"162";"LI_MAT_001_3130n_16";"3130_na";"IV2017032009592467";"LI_MAT_001_3130n_16";"LI_MAT_001";"Vincent Smeekens & Kevin Scheers";"2016-07-28";"LI_MAT_001";"hoog";"Normaal";"Atlantisch";"binnen";"19877";"1 ha < Opp <= 5 ha";33350,516384
"163";"LI_MAT_002_3130a_16";"3130_aom";"IV2017032810082114";"LI_MAT_002_3130a_16";"LI_MAT_002";"Vincent Smeekens";"2016-08-31";"LI_MAT_002";"hoog";"Normaal";"Atlantisch";"binnen";"18510";"1 ha < Opp <= 5 ha";15539,41119
"164";"LI_MAT_002_3130n_16";"3130_na";"IV2017032809570000";"LI_MAT_002_3130n_16";"LI_MAT_002";"Vincent Smeekens";"2016-08-31";"LI_MAT_002";"hoog";"Normaal";"Atlantisch";"binnen";"18510";"1 ha < Opp <= 5 ha";15539,41119
"165";"LI_MAT_002_3140_16";"3140";"IV2017032809493991";"LI_MAT_002_3140_16";"LI_MAT_002";"Vincent Smeekens";"2016-08-31";"LI_MAT_002";"hoog";"Normaal";"Atlantisch";"binnen";"18510";"1 ha < Opp <= 5 ha";15539,41119
"166";"LI_MAT_003_3150_16";"3150";"IV2017032009171774";"LI_MAT_003_3150_16";"LI_MAT_003";"Vincent Smeekens";"2016-08-31";"LI_MAT_003";"hoog";"Normaal";"Atlantisch";"binnen";"19976";"Opp <= 1 ha";2858,853298
"167";"LI_MAT_004_3130n_16";"3130_na";"IV2017042513300849";"LI_MAT_004_3130n_16";"LI_MAT_004";"Vincent Smeekens";"2016-08-30";"LI_MAT_004";"hoog";"Normaal";"Atlantisch";"binnen";"18941";"1 ha < Opp <= 5 ha";15155,190968
"168";"LI_MAT_007_3140_16";"3140";"IV2017042510131430";"LI_MAT_007_3140_16";"LI_MAT_007";"Vincent Smeekens";"2016-07-27";"LI_MAT_007";"hoog";"Normaal";"Atlantisch";"binnen";"20053";"1 ha < Opp <= 5 ha";31704,343483
"169";"LI_MAT_007_3150_16";"3150";"IV2017042510052573";"LI_MAT_007_3150_16";"LI_MAT_007";"Vincent Smeekens";"2016-07-27";"LI_MAT_007";"hoog";"Normaal";"Atlantisch";"binnen";"20053";"1 ha < Opp <= 5 ha";31704,343483
"170";"LI_MAT_009_3130n_16";"3130_na";"IV2017040309190179";"LI_MAT_009_3130n_16";"LI_MAT_009";"Vincent Smeekens & Kevin Scheers";"2016-09-14";"LI_MAT_009";"hoog";"Normaal";"Atlantisch";"binnen";"20348";"1 ha < Opp <= 5 ha";19470,1949
"171";"LI_MAT_011_3130n_18";"3130_na";"IV2018102606574456";"LI_MAT_011_3130n_18";"LI_MAT_011";"Vincent Smeekens";"2018-10-19";"LI_MAT_011";"hoog";"Uitzonderlijk laag";"Atlantisch";"binnen";"18914";"5 ha < Opp < 50 ha";97194,011292
"172";"LI_MAT_012_3130n_18";"3130_na";"IV2018102607035926";"LI_MAT_012_3130n_18";"LI_MAT_012";"Vincent Smeekens";"2018-10-18";"LI_MAT_012";"hoog";"Uitzonderlijk laag";"Atlantisch";"binnen";"19851";"5 ha < Opp < 50 ha";81555,021137
"173";"LI_MEC_001_3160_16";"3160";"IV2017042509374052";"LI_MEC_001_3160_16";"LI_MEC_001";"Vincent Smeekens";"2016-08-26";"LI_MEC_001";"hoog";"Normaal";"Atlantisch";"binnen";"75";"Opp <= 1 ha";3408,070621
"174";"LI_MEC_002_3160_16";"3160";"IV2017042509472815";"LI_MEC_002_3160_16";"LI_MEC_002";"Vincent Smeekens";"2016-08-26";"LI_MEC_002";"hoog";"Normaal";"Atlantisch";"binnen";"106";"1 ha < Opp <= 5 ha";12692,052078
"175";"LI_MLV_002_3130n_18";"3130_na";"IV2018090613583635";"LI_MLV_002_3130n_18";"LI_MLV_002";"Vincent Smeekens";"2018-08-14";"LI_MLV_002";"hoog";"Uitzonderlijk laag";"Atlantisch";"binnen";"20488";"Opp <= 1 ha";6516,441246
"176";"LI_MLV_010_3130a_17";"3130_aom";"IV2017120814183435";"LI_MLV_010_3130a_17";"LI_MLV_010";"Vincent Smeekens";"2017-10-12";"LI_MLV_010";"hoog";"Droogstaand (groot deel)";"Atlantisch";"binnen";"19105";"1 ha < Opp <= 5 ha";11163,913715
"177";"LI_MLV_010_3130n_17";"3130_na";"IV2017120814135316";"LI_MLV_010_3130n_17";"LI_MLV_010";"Vincent Smeekens";"2017-10-12";"LI_MLV_010";"hoog";"Droogstaand (groot deel)";"Atlantisch";"binnen";"19105";"1 ha < Opp <= 5 ha";11163,913715
"178";"LI_MLV_010_3140_17";"3140";"IV2017120814051602";"LI_MLV_010_3140_17";"LI_MLV_010";"Vincent Smeekens";"2017-10-12";"LI_MLV_010";"hoog";"Droogstaand (groot deel)";"Atlantisch";"binnen";"19105";"1 ha < Opp <= 5 ha";11163,913715
"179";"LI_MLV_011_3130n_18";"3130_na";"IV2018091108383153";"LI_MLV_011_3130n_18";"LI_MLV_011";"Vincent Smeekens";"2018-08-30";"LI_MLV_011";"hoog";"Uitzonderlijk laag";"Atlantisch";"binnen";"19955";"1 ha < Opp <= 5 ha";18107,591152
"180";"LI_MLV_014_3130n_18";"3130_na";"IV2018091011515161";"LI_MLV_014_3130n_18";"LI_MLV_014";"Vincent Smeekens";"2018-08-23";"LI_MLV_014";"hoog";"Normaal";"Atlantisch";"binnen";"19111";"5 ha < Opp < 50 ha";146240,797993
"181";"LI_MLV_016_3130a_17";"3130_aom";"IV2017120807201262";"LI_MLV_016_3130a_17";"LI_MLV_016";"Vincent Smeekens";"2017-10-20";"LI_MLV_016";"hoog";"Uitzonderlijk laag";"Atlantisch";"binnen";"56452";"1 ha < Opp <= 5 ha";26730,302193
"182";"LI_MLV_016_3130n_17";"3130_na";"IV2017120807160378";"LI_MLV_016_3130n_17";"LI_MLV_016";"Vincent Smeekens";"2017-10-20";"LI_MLV_016";"hoog";"Uitzonderlijk laag";"Atlantisch";"binnen";"56452";"1 ha < Opp <= 5 ha";26730,302193
"183";"LI_MLV_016_3140_17";"3140";"IV2017120807095988";"LI_MLV_016_3140_17";"LI_MLV_016";"Vincent Smeekens";"2017-10-20";"LI_MLV_016";"hoog";"Uitzonderlijk laag";"Atlantisch";"binnen";"56452";"1 ha < Opp <= 5 ha";26730,302193
"184";"LI_MLV_026_3130a_16";"3130_aom";"IV2018030111095449";"LI_MLV_026_3130a_16";"LI_MLV_026";"An Leyssen";"2016-09-21";"LI_MLV_026";"hoog";"Normaal";"Atlantisch";"binnen";"BL_74552";"Opp <= 1 ha";6589,860851
"185";"LI_MLV_026_3130n_16";"3130_na";"IV2018030111155389";"LI_MLV_026_3130n_16";"LI_MLV_026";"An Leyssen";"2017-09-21";"LI_MLV_026";"hoog";"Normaal";"Atlantisch";"binnen";"BL_74552";"Opp <= 1 ha";6589,860851
"186";"LI_MOB_001_3130n_18";"3130_na";"IV2018090412381639";"LI_MOB_001_3130n_18";"LI_MOB_001";"Kevin Scheers";"2018-08-01";"LI_MOB_001";"hoog";"Uitzonderlijk laag";"Atlantisch";"binnen";NA;"1 ha < Opp <= 5 ha";14332,019806
"187";"LI_MOB_001_3150_18";"3150";"IV2018090412442048";"LI_MOB_001_3150_18";"LI_MOB_001";"Kevin Scheers";"2018-08-01";"LI_MOB_001";"hoog";"Droogstaand (groot deel)";"Atlantisch";"binnen";NA;"1 ha < Opp <= 5 ha";14332,019806
"188";"LI_MUN_002_3130n_17";"3130_na";"IV2017121311445717";"LI_MUN_002_3130n_17";"LI_MUN_002";"Vincent Smeekens";"2017-09-18";"LI_MUN_002";"hoog";"Normaal";"Atlantisch";"binnen";"BL_77326";"Opp <= 1 ha";4087,557808
"189";"LI_OPH_005_3160_16";"3160";"IV2017032009392259";"LI_OPH_005_3160_16";"LI_OPH_005";"Vincent Smeekens & Kevin Scheers";"2016-11-03";"LI_OPH_005";"hoog";"Uitzonderlijk laag";"Atlantisch";"binnen";"BL_75582";"Opp <= 1 ha";4847,098099
"190";"LI_OPH_006_3160_16";"3160";"IV2018030115153464";"LI_OPH_006_3160_16";"LI_OPH_006";"Vincent Smeekens, Kevin Scheers & Jo Packet";"2016-09-29";"LI_OPH_006";"hoog";"Normaal";"Atlantisch";"binnen";"BL_75540";"1 ha < Opp <= 5 ha";21733,120079
"191";"LI_PIJ_001_3160_16";"3160";"IV2018030109245054";"LI_PIJ_001_3160_16";"LI_PIJ_001";"Vincent Smeekens";"2016-10-13";"LI_PIJ_001";"hoog";"Uitzonderlijk laag";"Atlantisch";"buiten";"BL_73808";"Opp <= 1 ha";8685,361149
"192";"LI_PIJ_002_3130a_17";"3130_aom";"IV2018083008425607";"LI_PIJ_002_3130a_17";"LI_PIJ_002";"Jo Packet";"2017-08-08";"LI_PIJ_002";"hoog";"Uitzonderlijk laag";"Atlantisch";"binnen";"BL_73763";"Opp <= 1 ha";2375,23172
"193";"LI_PIJ_002_3160_17";"3160";"IV2018083009021339";"LI_PIJ_002_3160_17";"LI_PIJ_002";"Jo Packet";"2017-08-08";"LI_PIJ_002";"hoog";"Uitzonderlijk laag";"Atlantisch";"binnen";"BL_73763";"Opp <= 1 ha";2375,23172
"194";"LI_SBB_004_3130n_16";"3130_na";"IV2018082014281713";"LI_SBB_004_3130n_16";"LI_SBB_004";"An Leyssen en Kevin Scheers";"2016-09-27";"LI_SBB_004";"hoog";"Droogstaand (groot deel)";"Atlantisch";"binnen";"BL_74590";"1 ha < Opp <= 5 ha";16082,179787
"195";"LI_SBB_005_3130a_16";"3130_aom";"IV2018082013483710";"LI_SBB_005_3130a_16";"LI_SBB_005";"Kevin Scheers en An Leyssen";"2016-09-22";"LI_SBB_005";"hoog";"Droogstaand (groot deel)";"Atlantisch";"binnen";NA;"1 ha < Opp <= 5 ha";18796,72913
"196";"LI_SBB_005_3160_16";"3160";"IV2018082014043254";"LI_SBB_005_3160_16";"LI_SBB_005";"An Leyssen en Kevin Scheers";"2016-09-22";"LI_SBB_005";"hoog";"Droogstaand (groot deel)";"Atlantisch";"binnen";NA;"1 ha < Opp <= 5 ha";18796,72913
"197";"LI_SCH_001_3130n_18";"3130_na";"IV2018090509480277";"LI_SCH_001_3130n_18";"LI_SCH_001";"Kevin Scheers";"2018-08-02";"LI_SCH_001";"hoog";"Droogstaand (groot deel)";"Atlantisch";"binnen";NA;"1 ha < Opp <= 5 ha";18629,485432
"198";"LI_SLU_001_3130a_18";"3130_aom";"IV2018082911522950";"LI_SLU_001_3130a_18";"LI_SLU_001";"Jo Packet";"2018-08-16";"LI_SLU_001";"hoog";"Droogstaand (groot deel)";"Atlantisch";"binnen";"19233";"1 ha < Opp <= 5 ha";12130,268929
"199";"LI_SLU_001_3130n_18";"3130_na";"IV2018082911514477";"LI_SLU_001_3130n_18";"LI_SLU_001";"Jo Packet";"2018-08-16";"LI_SLU_001";"hoog";"Droogstaand (groot deel)";"Atlantisch";"binnen";"19233";"1 ha < Opp <= 5 ha";12130,268929
"200";"LI_TEU_004_3130a_17";"3130_aom";"IV2017120708120471";"LI_TEU_004_3130a_17";"LI_TEU_004";"Vincent Smeekens";"2017-08-28";"LI_TEU_004";"hoog";"Normaal";"Atlantisch";"binnen";"BL_75070";"1 ha < Opp <= 5 ha";18060,779244
"201";"LI_TEU_004_3160_17";"3160";"IV2017120708235225";"LI_TEU_004_3160_17";"LI_TEU_004";"Vincent Smeekens";"2017-08-28";"LI_TEU_004";"hoog";"Normaal";"Atlantisch";"binnen";"BL_75070";"1 ha < Opp <= 5 ha";18060,779244
"202";"LI_TEU_005_3130a_17";"3130_aom";"IV2018082012595751";"LI_TEU_005_3130a_17";"LI_TEU_005";"Vincent Smeekens";"2017-08-28";"LI_TEU_005";"hoog";NA;"Atlantisch";"binnen";NA;"1 ha < Opp <= 5 ha";18487,672524
"203";"LI_TEU_005_3160_16";"3160";"IV2018082012413631";"LI_TEU_005_3160_16";"LI_TEU_005";"Kevin Scheers";"2016-10-20";"LI_TEU_005";"hoog";"Normaal";"Atlantisch";"binnen";NA;"1 ha < Opp <= 5 ha";18487,672524
"204";"LI_TEU_005_3160_17";"3160";"IV2018082008201439";"LI_TEU_005_3160_17";"LI_TEU_005";"Vincent Smeekens";"2017-08-28";"LI_TEU_005";"hoog";"Uitzonderlijk laag";"Atlantisch";"binnen";NA;"1 ha < Opp <= 5 ha";18487,672524
"205";"LI_TOM_001_3150_17";"3150";"IV2018030208224229";"LI_TOM_001_3150_17";"LI_TOM_001";"Vincent Smeekens";"2017-08-01";"LI_TOM_001";"hoog";"Normaal";"Atlantisch";"buiten";NA;"Opp <= 1 ha";103,608997
"206";"LI_TOM_002_3130a_17";"3130_aom";"IV2018022808440555";"LI_TOM_002_3130a_17";"LI_TOM_002";"Vincent Smeekens";"2017-10-02";"LI_TOM_002";"hoog";"Normaal";"Atlantisch";"buiten";NA;"Opp <= 1 ha";164,589863
"207";"LI_TOM_002_3150_17";"3150";"IV2018022808380131";"LI_TOM_002_3150_17";"LI_TOM_002";"Vincent Smeekens";"2017-10-02";"LI_TOM_002";"hoog";"Normaal";"Atlantisch";"buiten";NA;"Opp <= 1 ha";164,589863
"208";"LI_VZB_001_3160_17";"3160";"IV2018022811445956";"LI_VZB_001_3160_17";"LI_VZB_001";"Vincent Smeekens";"2017-10-18";"LI_VZB_001";"hoog";"Normaal";"Atlantisch";"binnen";"50853";"Opp <= 1 ha";670,039509
"209";"LI_VZB_002_3160_18";"3160";"IV2018082409480563";"LI_VZB_002_3160_18";"LI_VZB_002";"Kevin Scheers en Vincent Smeekens";"2018-06-28";"LI_VZB_002";"hoog";"Normaal";"Atlantisch";"binnen";"56130";"Opp <= 1 ha";5914,604641
"210";"LI_VZB_003_3130a_18";"3130_aom";"IV2018082808303101";"LI_VZB_003_3130a_18";"LI_VZB_003";"An Leyssen en Vincent Smeekens";"2018-07-19";"LI_VZB_003";"hoog";"Normaal";"Atlantisch";"binnen";"BL_73573";"1 ha < Opp <= 5 ha";23421,008411
"211";"LI_VZB_003_3160_18";"3160";"IV2018082808454134";"LI_VZB_003_3160_18";"LI_VZB_003";"An Leyssen en Vincent Smeekens";"2018-07-19";"LI_VZB_003";"hoog";"Normaal";"Atlantisch";"binnen";"BL_73573";"1 ha < Opp <= 5 ha";23421,008411
"212";"LI_VZB_005_3130a_18";"3130_aom";"IV2018082412023259";"LI_VZB_005_3130a_18";"LI_VZB_005";"Kevin Scheers en Vincent Smeekens";"2018-06-28";"LI_VZB_005";"hoog";"Normaal";"Atlantisch";"binnen";"54450";"1 ha < Opp <= 5 ha";26090,677879
"213";"LI_VZB_005_3160_18";"3160";"IV2018082412304466";"LI_VZB_005_3160_18";"LI_VZB_005";"Kevin Scheers en Vincent Smeekens";"2018-06-28";"LI_VZB_005";"hoog";"Normaal";"Atlantisch";"binnen";"54450";"1 ha < Opp <= 5 ha";26090,677879
"214";"LI_VZB_007_3160_18";"3160";"IV2018082408132366";"LI_VZB_007_3160_18";"LI_VZB_007";"Vincent Smeekens en Kevin Scheers";"2018-06-29";"LI_VZB_007";"hoog";"Normaal";"Atlantisch";"binnen";"54513";"1 ha < Opp <= 5 ha";15332,035454
"215";"LI_VZB_008_3160_16";"3160";"IV2017042511032923";"LI_VZB_008_3160_16";"LI_VZB_008";"Vincent Smeekens";"2016-09-26";"LI_VZB_008";"hoog";"Normaal";"Atlantisch";"binnen";"BL_73620";"Opp <= 1 ha";2604,42601
"216";"LI_WIK_002_3130a_16";"3130_aom";"IV2017120708015628";"LI_WIK_002_3130a_16";"LI_WIK_002";"Vincent Smeekens";"2016-07-25";"LI_WIK_002";"hoog";"Uitzonderlijk laag";"Atlantisch";"binnen";"20023";"Opp <= 1 ha";5520,877754
"217";"LI_WIK_005_3130a_16";"3130_aom";"IV2017062909012541";"LI_WIK_005_3130a_16";"LI_WIK_005";"Vincent Smeekens";"2016-08-04";"LI_WIK_005";"hoog";"Uitzonderlijk laag";"Atlantisch";"binnen";"20118";"1 ha < Opp <= 5 ha";10273,098244
"218";"LI_WIK_007_3130a_16";"3130_aom";"IV2018082108365086";"LI_WIK_007_3130a_16";"LI_WIK_007";"An Leyssen";"2016-09-08";"LI_WIK_007";"matig";"Droogstaand (groot deel)";"Atlantisch";"binnen";"20129";"Opp <= 1 ha";6751,375416
"219";"LI_WIK_007_3130n_16";"3130_na";"IV2018082109180907";"LI_WIK_007_3130n_16";"LI_WIK_007";"An Leyssen";"2016-09-08";"LI_WIK_007";"laag";"Droogstaand (groot deel)";"Atlantisch";"binnen";"20129";"Opp <= 1 ha";6751,375416
"220";"LI_WIK_008_3130a_18";"3130_aom";"IV2018083009353126";"LI_WIK_008_3130a_18";"LI_WIK_008";"Vincent Smeekens";"2018-08-01";"LI_WIK_008";"hoog";"Normaal";"Atlantisch";"binnen";"BL_75262";"Opp <= 1 ha";9731,347748
"221";"LI_ZUT_001_3130a_17";"3130_aom";"IV2018031612111040";"LI_ZUT_001_3130a_17";"LI_ZUT_001";"Vincent Smeekens";"2017-09-19";"LI_ZUT_001";"hoog";"Normaal";"Atlantisch";"binnen";"BL_77554";"1 ha < Opp <= 5 ha";23038,029923
"222";"LI_ZUT_001_3140_17";"3140";"IV2018031612035132";"LI_ZUT_001_3140_17";"LI_ZUT_001";"Vincent Smeekens";"2017-09-19";"LI_ZUT_001";"hoog";"Normaal";"Atlantisch";"binnen";"BL_77554";"1 ha < Opp <= 5 ha";23038,029923
"223";"OV_DAM_001_3150_18";"3150";"IV2018090514382356";"OV_DAM_001_3150_18";"OV_DAM_001";"Kevin Scheers en Vincent Smeekens";"2018-07-16";"OV_DAM_001";"hoog";"Normaal";"Atlantisch";"binnen";"52958";"Opp <= 1 ha";8791,702574
"224";"OV_DON_003_3150_18";"3150";"IV2018090412483372";"OV_DON_003_3150_18";"OV_DON_003";"Kevin Scheers";"2018-08-08";"OV_DON_003";"hoog";"Normaal";"Atlantisch";"binnen";NA;"Opp <= 1 ha";6936,676874
"225";"OV_FON_001_3150_17";"3150";"IV2017121415063194";"OV_FON_001_3150_17";"OV_FON_001";"Kevin Scheers";"2017-07-20";"OV_FON_001";"hoog";"Uitzonderlijk laag";"Atlantisch";"binnen";NA;"Opp <= 1 ha";1378,028564
"226";"OV_FON_002_3140_17";"3140";"IV2018091413035960";"OV_FON_002_3140_17";"OV_FON_002";"Kevin Scheers";"2017-07-14";"OV_FON_002";"hoog";"Uitzonderlijk laag";"Atlantisch";"binnen";NA;"Opp <= 1 ha";4196,550087
"227";"OV_KRA_001_3130a_18";"3130_aom";"IV2018101722193842";"OV_KRA_001_3130a_18";"OV_KRA_001";"Jo Packet";"2018-10-03";"OV_KRA_001";"hoog";"Uitzonderlijk laag";"Atlantisch";"binnen";"19909";"5 ha < Opp < 50 ha";89100,381771
"228";"OV_KRA_001_3130n_18";"3130_na";"IV2018101722342586";"OV_KRA_001_3130n_18";"OV_KRA_001";"Jo Packet";"2018-10-03";"OV_KRA_001";"hoog";"Uitzonderlijk laag";"Atlantisch";"binnen";"19909";"5 ha < Opp < 50 ha";89100,381771
"229";"OV_LIN_001_3150_18";"3150";"IV2018090409354837";"OV_LIN_001_3150_18";"OV_LIN_001";"Kevin Scheers";"2018-07-27";"OV_LIN_001";"hoog";"Droogstaand (groot deel)";"Atlantisch";"binnen";NA;"Opp <= 1 ha";1131,329
"230";"OV_STB_002_3130a_17";"3130_aom";"IV2018022807290902";"OV_STB_002_3130a_17";"OV_STB_002";"Kevin Scheers";"2017-08-04";"OV_STB_002";"hoog";"Uitzonderlijk laag";"Atlantisch";"binnen";"BWK_746";"Opp <= 1 ha";1194,803576
"231";"OV_STB_002_3140_17";"3140";"IV2018022807471313";"OV_STB_002_3140_17";"OV_STB_002";"Kevin Scheers";"2017-08-04";"OV_STB_002";"hoog";"Uitzonderlijk laag";"Atlantisch";"binnen";"BWK_746";"Opp <= 1 ha";1194,803576
"232";"VB_ASD_001_3130a_18";"3130_aom";"IV2018082311251393";"VB_ASD_001_3130a_18";"VB_ASD_001";"Vincent Smeekens";"2018-06-22";"VB_ASD_001";"hoog";"Normaal";"Atlantisch";"binnen";"20631";"Opp <= 1 ha";4612,083736
"233";"VB_KBL_001_3150_17";"3150";"IV2018030108203323";"VB_KBL_001_3150_17";"VB_KBL_001";"Vincent Smeekens";"2017-08-16";"VB_KBL_001";"hoog";"Uitzonderlijk laag";"Atlantisch";"binnen";NA;"Opp <= 1 ha";240,763981
"234";"VB_KBL_002_3130a_17";"3130_aom";"IV2018030108265950";"VB_KBL_002_3130a_17";"VB_KBL_002";"Vincent Smeekens";"2017-08-16";"VB_KBL_002";"hoog";"Droogstaand (groot deel)";"Atlantisch";"binnen";"BL_40482";"Opp <= 1 ha";238,430313
"235";"VB_KOR_001_3150_18";"3150";"IV2018091112013619";"VB_KOR_001_3150_18";"VB_KOR_001";"Vincent Smeekens en Kevin Scheers";"2018-08-22";"VB_KOR_001";"hoog";"Uitzonderlijk laag";"Atlantisch";"binnen";NA;"Opp <= 1 ha";6621,360788
"236";"VB_VDB_001_3150_17";"3150";"IV2018022808530677";"VB_VDB_001_3150_17";"VB_VDB_001";"Vincent Smeekens";"2017-10-02";"VB_VDB_001";"hoog";"Normaal";"Atlantisch";"binnen";"BL_42025";"Opp <= 1 ha";588,085823
"237";"VB_VIE_004_3130a_17";"3130_aom";"IV2017120808375733";"VB_VIE_004_3130a_17";"VB_VIE_004";"Vincent Smeekens";"2017-07-07";"VB_VIE_004";"hoog";"Normaal";"Atlantisch";"binnen";"1294";"Opp <= 1 ha";748,348824
"238";"VB_VIE_004_3150_17";"3150";"IV2017120808302127";"VB_VIE_004_3150_17";"VB_VIE_004";"Vincent Smeekens";"2017-07-07";"VB_VIE_004";"hoog";"Normaal";"Atlantisch";"binnen";"1294";"Opp <= 1 ha";748,348824
"239";"VB_VIN_002_3150_18";"3150";"IV2018101719542365";"VB_VIN_002_3150_18";"VB_VIN_002";"Jo Packet";"2018-09-24";"VB_VIN_002";"hoog";"Normaal";"Atlantisch";"binnen";"BL_41731";"Opp <= 1 ha";874,109455
"240";"VB_VOR_002_3150_17";"3150";"IV2018030107523816";"VB_VOR_002_3150_17";"VB_VOR_002";"Vincent Smeekens";"2017-08-16";"VB_VOR_002";"hoog";"Normaal";"Atlantisch";"binnen";NA;"Opp <= 1 ha";121,483492
"241";"VB_VOR_003_3150_17";"3150";"IV2018030108093775";"VB_VOR_003_3150_17";"VB_VOR_003";"Vincent Smeekens";"2017-08-16";"VB_VOR_003";"hoog";"Normaal";"Atlantisch";"binnen";NA;"Opp <= 1 ha";67,345087
"242";"VB_VOR_005_3130a_18";"3130_aom";"IV2018101515285131";"VB_VOR_005_3130a_18";"VB_VOR_005";"Vincent Smeekens";"2018-09-24";"VB_VOR_005";"hoog";"Normaal";"Atlantisch";"binnen";"BL_39111";"Opp <= 1 ha";91,690865
"243";"VB_VOR_005_3150_18";"3150";"IV2018101515220639";"VB_VOR_005_3150_18";"VB_VOR_005";"Vincent Smeekens";"2018-09-24";"VB_VOR_005";"hoog";"Normaal";"Atlantisch";"binnen";"BL_39111";"Opp <= 1 ha";91,690865
"244";"WV_BBV_001_3130a_17";"3130_aom";"IV2018030110052976";"WV_BBV_001_3130a_17";"WV_BBV_001";"Kevin Scheers";"2017-10-18";"WV_BBV_001";"hoog";"Normaal";"Atlantisch";"binnen";"BL_64900";"Opp <= 1 ha";241,830942
"245";"WV_BBV_002_3130a_17";"3130_aom";"IV2018030110125920";"WV_BBV_002_3130a_17";"WV_BBV_002";"Kevin Scheers";"2017-10-18";"WV_BBV_002";"hoog";"Normaal";"Atlantisch";"binnen";"BWK_761";"Opp <= 1 ha";5310,550331
"246";"WV_BBV_002_3130n_17";"3130_na";"IV2018030110195394";"WV_BBV_002_3130n_17";"WV_BBV_002";"Kevin Scheers";"2017-10-18";"WV_BBV_002";"hoog";"Normaal";"Atlantisch";"binnen";"BWK_761";"Opp <= 1 ha";5310,550331
"247";"WV_BBV_003_3130a_17";"3130_aom";"IV2018030110233140";"WV_BBV_003_3130a_17";"WV_BBV_003";"Kevin Scheers";"2017-10-18";"WV_BBV_003";"hoog";"Normaal";"Atlantisch";"binnen";"BL_62745";"Opp <= 1 ha";452,318834
"248";"WV_BUL_002_3130a_17";"3130_aom";"IV2018030109571495";"WV_BUL_002_3130a_17";"WV_BUL_002";"Kevin Scheers";"2017-10-20";"WV_BUL_002";"hoog";"Uitzonderlijk laag";"Atlantisch";"binnen";"BL_52831";"Opp <= 1 ha";2239,284758
"249";"WV_DAM_001_3150_17";"3150";"IV2018082011540115";"WV_DAM_001_3150_17";"WV_DAM_001";"Jo Packet";"2017-10-10";"WV_DAM_001";"hoog";"Normaal";"Atlantisch";"buiten";"BL_59545";"Opp <= 1 ha";7661,479421
"250";"WV_GUP_001_3130a_18";"3130_aom";"IV2018090510080311";"WV_GUP_001_3130a_18";"WV_GUP_001";"Kevin Scheers";"2017-10-04";"WV_GUP_001";"hoog";"Normaal";"Atlantisch";"binnen";"BL_53602";"Opp <= 1 ha";1170,537502
"251";"WV_GUP_002_3130a_17";"3130_aom";"IV2018090510175155";"WV_GUP_002_3130a_17";"WV_GUP_002";"Kevin Scheers";"2017-10-04";"WV_GUP_002";"hoog";"Uitzonderlijk laag";"Atlantisch";"binnen";NA;"Opp <= 1 ha";7796,773072
"252";"WV_GUP_002_3130n_17";"3130_na";"IV2018090510164322";"WV_GUP_002_3130n_17";"WV_GUP_002";"Kevin Scheers";"2017-10-04";"WV_GUP_002";"hoog";"Uitzonderlijk laag";"Atlantisch";"binnen";NA;"Opp <= 1 ha";7796,773072
"253";"WV_KPV_001_3150_17";"3150";"IV2018091311180061";"WV_KPV_001_3150_17";"WV_KPV_001";"Kevin Scheers";"2017-10-04";"WV_KPV_001";"hoog";"Normaal";"Atlantisch";"binnen";NA;"Opp <= 1 ha";707,559087
"254";"WV_LEI_003_3150_17";"3150";"IV2018082109012829";"WV_LEI_003_3150_17";"WV_LEI_003";"Kevin Scheers";"2017-08-09";"WV_LEI_003";"hoog";"Normaal";"Atlantisch";"binnen";"BWK_1037";"Opp <= 1 ha";151,994032
