"ID";"IDPlots";"TypePlot";"Habitattype";"Habitatsubtype";"AnalyseVariabele";"Voorwaarde";"Waarde";"Type";"Invoertype";"Eenheid";"Criterium";"Indicator"
"IV2017010511152189";"842030";"structuurplot";"6230";"6230_hn";"nLevensvormen";"aantal levensvormen aanwezig";"3";"Geheel getal";NA;NA;"Structuur";"horizontale structuur"
"IV2017010511152189";"842030";"structuurplot";"6230";"6230_hn";"strooisellaag";"bedekking strooisellaag";"0";"Percentage";NA;"%";"Verstoring";"strooisellaag"
"IV2017010511152189";"842030";"structuurplot";"6230";"6230_hn";"verbossing";"bedekking verbossing";"0";"Percentage";NA;"%";"Verstoring";"verbossing"
"IV2017010511152189";"842030";"structuurplot";"6230";"6230_hn";"verbossing";"bedekking verbossing";"0";"Percentage";NA;"%";"Verstoring";"verbossing/verstruweling"
"IV2017010512181008";"530734";"structuurplot";"6230";"6230_hn";"nLevensvormen";"aantal levensvormen aanwezig";"3";"Geheel getal";NA;NA;"Structuur";"horizontale structuur"
"IV2017010512181008";"530734";"structuurplot";"6230";"6230_hn";"strooisellaag";"bedekking strooisellaag";"0";"Percentage";NA;"%";"Verstoring";"strooisellaag"
"IV2017010512181008";"530734";"structuurplot";"6230";"6230_hn";"verbossing";"bedekking verbossing";"0";"Percentage";NA;"%";"Verstoring";"verbossing"
"IV2017010512181008";"530734";"structuurplot";"6230";"6230_hn";"verbossing";"bedekking verbossing";"0";"Percentage";NA;"%";"Verstoring";"verbossing/verstruweling"
"IV2017010609352959";"908981";"structuurplot";"1330";"1330_hpr";"microrelief_bedekking";"bedekking microrelief";"100";"Percentage";NA;"%";"Structuur";"microreliëf"
"IV2017010609352959";"908981";"structuurplot";"1330";"1330_hpr";"microrelief_aanwezigheid";"microreliëf aanwezig";"1";"Ja/nee";NA;NA;"Structuur";"microreliëf"
"IV2017010612064228";"455349";"structuurplot";"1330";"1330_hpr";"microrelief_bedekking";"bedekking microrelief";"100";"Percentage";NA;"%";"Structuur";"microreliëf"
"IV2017010612064228";"455349";"structuurplot";"1330";"1330_hpr";"microrelief_aanwezigheid";"microreliëf aanwezig";"1";"Ja/nee";NA;NA;"Structuur";"microreliëf"
"IV2017010612593713";"996353";"structuurplot";"1330";"1330_hpr";"microrelief_bedekking";"bedekking microrelief";"100";"Percentage";NA;"%";"Structuur";"microreliëf"
"IV2017010612593713";"996353";"structuurplot";"1330";"1330_hpr";"microrelief_aanwezigheid";"microreliëf aanwezig";"1";"Ja/nee";NA;NA;"Structuur";"microreliëf"
"IV2017010613221989";"423762";"structuurplot";"6230";"6230_ha";"strooisellaag";"bedekking strooisellaag";"1";"Percentage";NA;"%";"Verstoring";"strooisellaag"
"IV2017010613221989";"423762";"structuurplot";"6230";"6230_ha";"verbossing";"bedekking verbossing";"20";"Percentage";NA;"%";"Verstoring";"verbossing"
"IV2017010613221989";"423762";"structuurplot";"6230";"6230_ha";"verbossing";"bedekking verbossing";"20";"Percentage";NA;"%";"Verstoring";"verbossing/verstruweling"
"IV2017010613424129";"472065";"structuurplot";"1330";"1330_hpr";"microrelief_bedekking";"bedekking microrelief";"100";"Percentage";NA;"%";"Structuur";"microreliëf"
"IV2017010613424129";"472065";"structuurplot";"1330";"1330_hpr";"microrelief_aanwezigheid";"microreliëf aanwezig";"1";"Ja/nee";NA;NA;"Structuur";"microreliëf"
"IV2017010616415877";"1117877";"structuurplot";"1330";"1330_hpr";"microrelief_bedekking";"bedekking microrelief";"100";"Percentage";NA;"%";"Structuur";"microreliëf"
"IV2017010616415877";"1117877";"structuurplot";"1330";"1330_hpr";"microrelief_aanwezigheid";"microreliëf aanwezig";"1";"Ja/nee";NA;NA;"Structuur";"microreliëf"
"IV2017010617191621";"736949";"structuurplot";"1330";"1330_hpr";"microrelief_bedekking";"bedekking microrelief";"100";"Percentage";NA;"%";"Structuur";"microreliëf"
"IV2017010617191621";"736949";"structuurplot";"1330";"1330_hpr";"microrelief_aanwezigheid";"microreliëf aanwezig";"1";"Ja/nee";NA;NA;"Structuur";"microreliëf"
"IV2017010617362713";"212661";"structuurplot";"1330";"1330_hpr";"microrelief_bedekking";"bedekking microrelief";"100";"Percentage";NA;"%";"Structuur";"microreliëf"
"IV2017010617362713";"212661";"structuurplot";"1330";"1330_hpr";"microrelief_aanwezigheid";"microreliëf aanwezig";"1";"Ja/nee";NA;NA;"Structuur";"microreliëf"
"IV2017010617551993";"19510";"structuurplot";"6230";"6230_hn";"nLevensvormen";"aantal levensvormen aanwezig";"3";"Geheel getal";NA;NA;"Structuur";"horizontale structuur"
"IV2017010617551993";"19510";"structuurplot";"6230";"6230_hn";"strooisellaag";"bedekking strooisellaag";"2";"Percentage";NA;"%";"Verstoring";"strooisellaag"
"IV2017010617551993";"19510";"structuurplot";"6230";"6230_hn";"verbossing";"bedekking verbossing";"0";"Percentage";NA;"%";"Verstoring";"verbossing"
"IV2017010617551993";"19510";"structuurplot";"6230";"6230_hn";"verbossing";"bedekking verbossing";"0";"Percentage";NA;"%";"Verstoring";"verbossing/verstruweling"
"IV2017010618013747";"801793";"structuurplot";"1330";"1330_hpr";"microrelief_bedekking";"bedekking microrelief";"50";"Percentage";NA;"%";"Structuur";"microreliëf"
"IV2017010618013747";"801793";"structuurplot";"1330";"1330_hpr";"microrelief_aanwezigheid";"microreliëf aanwezig";"1";"Ja/nee";NA;NA;"Structuur";"microreliëf"
"IV2017010618211064";"540341";"structuurplot";"1330";"1330_hpr";"microrelief_bedekking";"bedekking microrelief";"100";"Percentage";NA;"%";"Structuur";"microreliëf"
"IV2017010618211064";"540341";"structuurplot";"1330";"1330_hpr";"microrelief_aanwezigheid";"microreliëf aanwezig";"1";"Ja/nee";NA;NA;"Structuur";"microreliëf"
"IV2017010911343112";"2438198";"structuurplot";"6230";"6230_hmo";"nLevensvormen";"aantal levensvormen aanwezig";"3";"Geheel getal";NA;NA;"Structuur";"horizontale structuur"
"IV2017010911343112";"2438198";"structuurplot";"6230";"6230_hmo";"strooisellaag";"bedekking strooisellaag";"0";"Percentage";NA;"%";"Verstoring";"strooisellaag"
"IV2017010911343112";"2438198";"structuurplot";"6230";"6230_hmo";"verbossing";"bedekking verbossing";"0";"Percentage";NA;"%";"Verstoring";"verbossing"
"IV2017010911343112";"2438198";"structuurplot";"6230";"6230_hmo";"verbossing";"bedekking verbossing";"0";"Percentage";NA;"%";"Verstoring";"verbossing/verstruweling"
"IV2017010916362743";"17475649";"structuurplot";"6410";"6410_ve";"strooisellaag";"bedekking strooisellaag";"0";"Percentage";NA;"%";"Verstoring";"strooisellaag"
"IV2017010916362743";"17475649";"structuurplot";"6410";"6410_ve";"verbossing";"bedekking verbossing";"0";"Percentage";NA;"%";"Verstoring";"verbossing"
"IV2017010916362743";"17475649";"structuurplot";"6410";"6410_ve";"verbossing";"bedekking verbossing";"0";"Percentage";NA;"%";"Verstoring";"verbossing/verstruweling"
"IV2017010922225486";"2664513";"structuurplot";"6410";"6410_ve";"strooisellaag";"bedekking strooisellaag";"0";"Percentage";NA;"%";"Verstoring";"strooisellaag"
"IV2017010922225486";"2664513";"structuurplot";"6410";"6410_ve";"verbossing";"bedekking verbossing";"0";"Percentage";NA;"%";"Verstoring";"verbossing"
"IV2017010922225486";"2664513";"structuurplot";"6410";"6410_ve";"verbossing";"bedekking verbossing";"0";"Percentage";NA;"%";"Verstoring";"verbossing/verstruweling"
"IV2017011214394174";"437685";"structuurplot";"1330";"1330_hpr";"microrelief_bedekking";"bedekking microrelief";"100";"Percentage";NA;"%";"Structuur";"microreliëf"
"IV2017011214394174";"437685";"structuurplot";"1330";"1330_hpr";"microrelief_aanwezigheid";"microreliëf aanwezig";"1";"Ja/nee";NA;NA;"Structuur";"microreliëf"
"IV2017011215122813";"323154";"structuurplot";"6230";"6230_hn";"nLevensvormen";"aantal levensvormen aanwezig";"3";"Geheel getal";NA;NA;"Structuur";"horizontale structuur"
"IV2017011215122813";"323154";"structuurplot";"6230";"6230_hn";"strooisellaag";"bedekking strooisellaag";"3";"Percentage";NA;"%";"Verstoring";"strooisellaag"
"IV2017011215122813";"323154";"structuurplot";"6230";"6230_hn";"verbossing";"bedekking verbossing";"40";"Percentage";NA;"%";"Verstoring";"verbossing"
"IV2017011215122813";"323154";"structuurplot";"6230";"6230_hn";"verbossing";"bedekking verbossing";"40";"Percentage";NA;"%";"Verstoring";"verbossing/verstruweling"
"IV2017011215184680";"37557";"structuurplot";"1330";"1330_hpr";"microrelief_bedekking";"bedekking microrelief";"100";"Percentage";NA;"%";"Structuur";"microreliëf"
"IV2017011215184680";"37557";"structuurplot";"1330";"1330_hpr";"microrelief_aanwezigheid";"microreliëf aanwezig";"1";"Ja/nee";NA;NA;"Structuur";"microreliëf"
"IV2017011215475751";"798133";"structuurplot";"1330";"1330_hpr";"microrelief_bedekking";"bedekking microrelief";"50";"Percentage";NA;"%";"Structuur";"microreliëf"
"IV2017011215475751";"798133";"structuurplot";"1330";"1330_hpr";"microrelief_aanwezigheid";"microreliëf aanwezig";"1";"Ja/nee";NA;NA;"Structuur";"microreliëf"
"IV2017011216070022";"695297";"structuurplot";"1330";"1330_hpr";"microrelief_bedekking";"bedekking microrelief";"50";"Percentage";NA;"%";"Structuur";"microreliëf"
"IV2017011216070022";"695297";"structuurplot";"1330";"1330_hpr";"microrelief_aanwezigheid";"microreliëf aanwezig";"1";"Ja/nee";NA;NA;"Structuur";"microreliëf"
"IV2017011812094287";"781906";"structuurplot";"6230";"6230_hn";"nLevensvormen";"aantal levensvormen aanwezig";"3";"Geheel getal";NA;NA;"Structuur";"horizontale structuur"
"IV2017011812094287";"781906";"structuurplot";"6230";"6230_hn";"strooisellaag";"bedekking strooisellaag";"5";"Percentage";NA;"%";"Verstoring";"strooisellaag"
"IV2017011812094287";"781906";"structuurplot";"6230";"6230_hn";"verbossing";"bedekking verbossing";"4";"Percentage";NA;"%";"Verstoring";"verbossing"
"IV2017011812094287";"781906";"structuurplot";"6230";"6230_hn";"verbossing";"bedekking verbossing";"4";"Percentage";NA;"%";"Verstoring";"verbossing/verstruweling"
"IV2017011813535331";"721906";"structuurplot";"6230";"6230_ha";"strooisellaag";"bedekking strooisellaag";"1";"Percentage";NA;"%";"Verstoring";"strooisellaag"
"IV2017011813535331";"721906";"structuurplot";"6230";"6230_ha";"verbossing";"bedekking verbossing";"0";"Percentage";NA;"%";"Verstoring";"verbossing"
"IV2017011813535331";"721906";"structuurplot";"6230";"6230_ha";"verbossing";"bedekking verbossing";"0";"Percentage";NA;"%";"Verstoring";"verbossing/verstruweling"
"IV2017011816230130";"540658";"structuurplot";"6230";"6230_hn";"nLevensvormen";"aantal levensvormen aanwezig";"3";"Geheel getal";NA;NA;"Structuur";"horizontale structuur"
"IV2017011816230130";"540658";"structuurplot";"6230";"6230_hn";"strooisellaag";"bedekking strooisellaag";"5";"Percentage";NA;"%";"Verstoring";"strooisellaag"
"IV2017011816230130";"540658";"structuurplot";"6230";"6230_hn";"verbossing";"bedekking verbossing";"1";"Percentage";NA;"%";"Verstoring";"verbossing"
"IV2017011816230130";"540658";"structuurplot";"6230";"6230_hn";"verbossing";"bedekking verbossing";"1";"Percentage";NA;"%";"Verstoring";"verbossing/verstruweling"
"IV2017011817212208";"1436882";"structuurplot";"6230";"6230_hmo";"nLevensvormen";"aantal levensvormen aanwezig";"3";"Geheel getal";NA;NA;"Structuur";"horizontale structuur"
"IV2017011817212208";"1436882";"structuurplot";"6230";"6230_hmo";"strooisellaag";"bedekking strooisellaag";"3";"Percentage";NA;"%";"Verstoring";"strooisellaag"
"IV2017011817212208";"1436882";"structuurplot";"6230";"6230_hmo";"verbossing";"bedekking verbossing";"3";"Percentage";NA;"%";"Verstoring";"verbossing"
"IV2017011817212208";"1436882";"structuurplot";"6230";"6230_hmo";"verbossing";"bedekking verbossing";"3";"Percentage";NA;"%";"Verstoring";"verbossing/verstruweling"
"IV2017011916185487";"2133734";"structuurplot";"6230";"6230_hmo";"nLevensvormen";"aantal levensvormen aanwezig";"3";"Geheel getal";NA;NA;"Structuur";"horizontale structuur"
"IV2017011916185487";"2133734";"structuurplot";"6230";"6230_hmo";"strooisellaag";"bedekking strooisellaag";"0";"Percentage";NA;"%";"Verstoring";"strooisellaag"
"IV2017011916185487";"2133734";"structuurplot";"6230";"6230_hmo";"verbossing";"bedekking verbossing";"0";"Percentage";NA;"%";"Verstoring";"verbossing"
"IV2017011916185487";"2133734";"structuurplot";"6230";"6230_hmo";"verbossing";"bedekking verbossing";"0";"Percentage";NA;"%";"Verstoring";"verbossing/verstruweling"
"IV2017011919322195";"583378";"structuurplot";"6230";"6230_ha";"strooisellaag";"bedekking strooisellaag";"0";"Percentage";NA;"%";"Verstoring";"strooisellaag"
"IV2017011919322195";"583378";"structuurplot";"6230";"6230_ha";"verbossing";"bedekking verbossing";"0";"Percentage";NA;"%";"Verstoring";"verbossing"
"IV2017011919322195";"583378";"structuurplot";"6230";"6230_ha";"verbossing";"bedekking verbossing";"0";"Percentage";NA;"%";"Verstoring";"verbossing/verstruweling"
"IV2017012011231757";"201006";"structuurplot";"6230";"6230_hn";"nLevensvormen";"aantal levensvormen aanwezig";"3";"Geheel getal";NA;NA;"Structuur";"horizontale structuur"
"IV2017012011231757";"201006";"structuurplot";"6230";"6230_hn";"strooisellaag";"bedekking strooisellaag";"0";"Percentage";NA;"%";"Verstoring";"strooisellaag"
"IV2017012011231757";"201006";"structuurplot";"6230";"6230_hn";"verbossing";"bedekking verbossing";"0";"Percentage";NA;"%";"Verstoring";"verbossing"
"IV2017012011231757";"201006";"structuurplot";"6230";"6230_hn";"verbossing";"bedekking verbossing";"0";"Percentage";NA;"%";"Verstoring";"verbossing/verstruweling"
"IV2017012012433410";"379094";"structuurplot";"6230";"6230_ha";"strooisellaag";"bedekking strooisellaag";"0";"Percentage";NA;"%";"Verstoring";"strooisellaag"
"IV2017012012433410";"379094";"structuurplot";"6230";"6230_ha";"verbossing";"bedekking verbossing";"0";"Percentage";NA;"%";"Verstoring";"verbossing"
"IV2017012012433410";"379094";"structuurplot";"6230";"6230_ha";"verbossing";"bedekking verbossing";"0";"Percentage";NA;"%";"Verstoring";"verbossing/verstruweling"
"IV2017012013095674";"116950";"structuurplot";"6230";"6230_ha";"strooisellaag";"bedekking strooisellaag";"0";"Percentage";NA;"%";"Verstoring";"strooisellaag"
"IV2017012013095674";"116950";"structuurplot";"6230";"6230_ha";"verbossing";"bedekking verbossing";"0";"Percentage";NA;"%";"Verstoring";"verbossing"
"IV2017012013095674";"116950";"structuurplot";"6230";"6230_ha";"verbossing";"bedekking verbossing";"0";"Percentage";NA;"%";"Verstoring";"verbossing/verstruweling"
"IV2017012013585970";"641238";"structuurplot";"6230";"6230_ha";"strooisellaag";"bedekking strooisellaag";"0";"Percentage";NA;"%";"Verstoring";"strooisellaag"
"IV2017012013585970";"641238";"structuurplot";"6230";"6230_ha";"verbossing";"bedekking verbossing";"0";"Percentage";NA;"%";"Verstoring";"verbossing"
"IV2017012013585970";"641238";"structuurplot";"6230";"6230_ha";"verbossing";"bedekking verbossing";"0";"Percentage";NA;"%";"Verstoring";"verbossing/verstruweling"
"IV2017012016215306";"315329";"structuurplot";"6230";"6230_ha";"strooisellaag";"bedekking strooisellaag";"0";"Percentage";NA;"%";"Verstoring";"strooisellaag"
"IV2017012016215306";"315329";"structuurplot";"6230";"6230_ha";"verbossing";"bedekking verbossing";"0";"Percentage";NA;"%";"Verstoring";"verbossing"
"IV2017012016215306";"315329";"structuurplot";"6230";"6230_ha";"verbossing";"bedekking verbossing";"0";"Percentage";NA;"%";"Verstoring";"verbossing/verstruweling"
"IV2017012016550624";"300649";"structuurplot";"6230";"6230_hmo";"nLevensvormen";"aantal levensvormen aanwezig";"3";"Geheel getal";NA;NA;"Structuur";"horizontale structuur"
"IV2017012016550624";"300649";"structuurplot";"6230";"6230_hmo";"strooisellaag";"bedekking strooisellaag";"0";"Percentage";NA;"%";"Verstoring";"strooisellaag"
"IV2017012016550624";"300649";"structuurplot";"6230";"6230_hmo";"verbossing";"bedekking verbossing";"0";"Percentage";NA;"%";"Verstoring";"verbossing"
"IV2017012016550624";"300649";"structuurplot";"6230";"6230_hmo";"verbossing";"bedekking verbossing";"0";"Percentage";NA;"%";"Verstoring";"verbossing/verstruweling"
"IV2017012017312649";"576302";"structuurplot";"6230";"6230_hn";"nLevensvormen";"aantal levensvormen aanwezig";"2";"Geheel getal";NA;NA;"Structuur";"horizontale structuur"
"IV2017012017312649";"576302";"structuurplot";"6230";"6230_hn";"strooisellaag";"bedekking strooisellaag";"0";"Percentage";NA;"%";"Verstoring";"strooisellaag"
"IV2017012017312649";"576302";"structuurplot";"6230";"6230_hn";"verbossing";"bedekking verbossing";"0";"Percentage";NA;"%";"Verstoring";"verbossing"
"IV2017012017312649";"576302";"structuurplot";"6230";"6230_hn";"verbossing";"bedekking verbossing";"0";"Percentage";NA;"%";"Verstoring";"verbossing/verstruweling"
"IV2017012312531726";"745170";"structuurplot";"6230";"6230_ha";"strooisellaag";"bedekking strooisellaag";"0";"Percentage";NA;"%";"Verstoring";"strooisellaag"
"IV2017012312531726";"745170";"structuurplot";"6230";"6230_ha";"verbossing";"bedekking verbossing";"0";"Percentage";NA;"%";"Verstoring";"verbossing"
"IV2017012312531726";"745170";"structuurplot";"6230";"6230_ha";"verbossing";"bedekking verbossing";"0";"Percentage";NA;"%";"Verstoring";"verbossing/verstruweling"
"IV2017012521104081";"141010";"structuurplot";"6230";"6230_ha";"strooisellaag";"bedekking strooisellaag";"0";"Percentage";NA;"%";"Verstoring";"strooisellaag"
"IV2017012521104081";"141010";"structuurplot";"6230";"6230_ha";"verbossing";"bedekking verbossing";"0";"Percentage";NA;"%";"Verstoring";"verbossing"
"IV2017012521104081";"141010";"structuurplot";"6230";"6230_ha";"verbossing";"bedekking verbossing";"0";"Percentage";NA;"%";"Verstoring";"verbossing/verstruweling"
"IV2017012522232265";"59090";"structuurplot";"6230";"6230_ha";"strooisellaag";"bedekking strooisellaag";"5";"Percentage";NA;"%";"Verstoring";"strooisellaag"
"IV2017012522232265";"59090";"structuurplot";"6230";"6230_ha";"verbossing";"bedekking verbossing";"20";"Percentage";NA;"%";"Verstoring";"verbossing"
"IV2017012522232265";"59090";"structuurplot";"6230";"6230_ha";"verbossing";"bedekking verbossing";"20";"Percentage";NA;"%";"Verstoring";"verbossing/verstruweling"
"IV2017012611360478";"220882";"structuurplot";"6230";"6230_ha";"strooisellaag";"bedekking strooisellaag";"0";"Percentage";NA;"%";"Verstoring";"strooisellaag"
"IV2017012611360478";"220882";"structuurplot";"6230";"6230_ha";"verbossing";"bedekking verbossing";"0";"Percentage";NA;"%";"Verstoring";"verbossing"
"IV2017012611360478";"220882";"structuurplot";"6230";"6230_ha";"verbossing";"bedekking verbossing";"0";"Percentage";NA;"%";"Verstoring";"verbossing/verstruweling"
"IV2017012613110316";"696182";"structuurplot";"7140";"7140_meso";"strooisellaag";"bedekking strooisellaag";"30";"Percentage";NA;"%";"Verstoring";"strooisellaag"
"IV2017012613110316";"696182";"structuurplot";"7140";"7140_meso";"strooisellaag";"bedekking strooisellaag";"30";"Percentage";NA;"%";"Structuur";"strooisellaag"
"IV2017012613110316";"696182";"structuurplot";"7140";"7140_meso";"betreding_brand";"bedekking structuurschade";"0";"Percentage";NA;"%";"Verstoring";"structuurschade"
"IV2017012613110316";"696182";"structuurplot";"7140";"7140_meso";"verbossing";"bedekking verbossing";"10";"Percentage";NA;"%";"Verstoring";"verbossing"
"IV2017012613170767";"89810";"structuurplot";"6230";"6230_ha";"strooisellaag";"bedekking strooisellaag";"0";"Percentage";NA;"%";"Verstoring";"strooisellaag"
"IV2017012613170767";"89810";"structuurplot";"6230";"6230_ha";"verbossing";"bedekking verbossing";"0";"Percentage";NA;"%";"Verstoring";"verbossing"
"IV2017012613170767";"89810";"structuurplot";"6230";"6230_ha";"verbossing";"bedekking verbossing";"0";"Percentage";NA;"%";"Verstoring";"verbossing/verstruweling"
"IV2017012613530004";"648914";"structuurplot";"6230";"6230_ha";"strooisellaag";"bedekking strooisellaag";"3";"Percentage";NA;"%";"Verstoring";"strooisellaag"
"IV2017012613530004";"648914";"structuurplot";"6230";"6230_ha";"verbossing";"bedekking verbossing";"0";"Percentage";NA;"%";"Verstoring";"verbossing"
"IV2017012613530004";"648914";"structuurplot";"6230";"6230_ha";"verbossing";"bedekking verbossing";"0";"Percentage";NA;"%";"Verstoring";"verbossing/verstruweling"
"IV2017012620054742";"1150886";"structuurplot";"6230";"6230_hmo";"nLevensvormen";"aantal levensvormen aanwezig";"3";"Geheel getal";NA;NA;"Structuur";"horizontale structuur"
"IV2017012620054742";"1150886";"structuurplot";"6230";"6230_hmo";"strooisellaag";"bedekking strooisellaag";"0";"Percentage";NA;"%";"Verstoring";"strooisellaag"
"IV2017012620054742";"1150886";"structuurplot";"6230";"6230_hmo";"verbossing";"bedekking verbossing";"0";"Percentage";NA;"%";"Verstoring";"verbossing"
"IV2017012620054742";"1150886";"structuurplot";"6230";"6230_hmo";"verbossing";"bedekking verbossing";"0";"Percentage";NA;"%";"Verstoring";"verbossing/verstruweling"
"IV2017012620573892";"1216422";"structuurplot";"6230";"6230_hmo";"nLevensvormen";"aantal levensvormen aanwezig";"3";"Geheel getal";NA;NA;"Structuur";"horizontale structuur"
"IV2017012620573892";"1216422";"structuurplot";"6230";"6230_hmo";"strooisellaag";"bedekking strooisellaag";"0";"Percentage";NA;"%";"Verstoring";"strooisellaag"
"IV2017012620573892";"1216422";"structuurplot";"6230";"6230_hmo";"verbossing";"bedekking verbossing";"2";"Percentage";NA;"%";"Verstoring";"verbossing"
"IV2017012620573892";"1216422";"structuurplot";"6230";"6230_hmo";"verbossing";"bedekking verbossing";"2";"Percentage";NA;"%";"Verstoring";"verbossing/verstruweling"
"IV2017012709294069";"1566033";"structuurplot";"6230";"6230_hmo";"nLevensvormen";"aantal levensvormen aanwezig";"3";"Geheel getal";NA;NA;"Structuur";"horizontale structuur"
"IV2017012709294069";"1566033";"structuurplot";"6230";"6230_hmo";"strooisellaag";"bedekking strooisellaag";"5";"Percentage";NA;"%";"Verstoring";"strooisellaag"
"IV2017012709294069";"1566033";"structuurplot";"6230";"6230_hmo";"verbossing";"bedekking verbossing";"0";"Percentage";NA;"%";"Verstoring";"verbossing"
"IV2017012709294069";"1566033";"structuurplot";"6230";"6230_hmo";"verbossing";"bedekking verbossing";"0";"Percentage";NA;"%";"Verstoring";"verbossing/verstruweling"
"IV2017012710254898";"207406";"structuurplot";"6230";"6230_hmo";"nLevensvormen";"aantal levensvormen aanwezig";"3";"Geheel getal";NA;NA;"Structuur";"horizontale structuur"
"IV2017012710254898";"207406";"structuurplot";"6230";"6230_hmo";"strooisellaag";"bedekking strooisellaag";"0";"Percentage";NA;"%";"Verstoring";"strooisellaag"
"IV2017012710254898";"207406";"structuurplot";"6230";"6230_hmo";"verbossing";"bedekking verbossing";"0";"Percentage";NA;"%";"Verstoring";"verbossing"
"IV2017012710254898";"207406";"structuurplot";"6230";"6230_hmo";"verbossing";"bedekking verbossing";"0";"Percentage";NA;"%";"Verstoring";"verbossing/verstruweling"
"IV2017012711193298";"23086";"structuurplot";"7140";"7140_oli";"strooisellaag";"bedekking strooisellaag";"0";"Percentage";NA;"%";"Verstoring";"strooisellaag"
"IV2017012711193298";"23086";"structuurplot";"7140";"7140_oli";"strooisellaag";"bedekking strooisellaag";"0";"Percentage";NA;"%";"Structuur";"strooisellaag"
"IV2017012711193298";"23086";"structuurplot";"7140";"7140_oli";"betreding_brand";"bedekking structuurschade";"0";"Percentage";NA;"%";"Verstoring";"structuurschade"
"IV2017012711193298";"23086";"structuurplot";"7140";"7140_oli";"verbossing";"bedekking verbossing";"0";"Percentage";NA;"%";"Verstoring";"verbossing"
"IV2017012711431363";"743982";"structuurplot";"6230";"6230_hmo";"nLevensvormen";"aantal levensvormen aanwezig";"3";"Geheel getal";NA;NA;"Structuur";"horizontale structuur"
"IV2017012711431363";"743982";"structuurplot";"6230";"6230_hmo";"strooisellaag";"bedekking strooisellaag";"0";"Percentage";NA;"%";"Verstoring";"strooisellaag"
"IV2017012711431363";"743982";"structuurplot";"6230";"6230_hmo";"verbossing";"bedekking verbossing";"0";"Percentage";NA;"%";"Verstoring";"verbossing"
"IV2017012711431363";"743982";"structuurplot";"6230";"6230_hmo";"verbossing";"bedekking verbossing";"0";"Percentage";NA;"%";"Verstoring";"verbossing/verstruweling"
"IV2017012713022515";"58433";"structuurplot";"6230";"6230_hn";"nLevensvormen";"aantal levensvormen aanwezig";"3";"Geheel getal";NA;NA;"Structuur";"horizontale structuur"
"IV2017012713022515";"58433";"structuurplot";"6230";"6230_hn";"strooisellaag";"bedekking strooisellaag";"0";"Percentage";NA;"%";"Verstoring";"strooisellaag"
"IV2017012713022515";"58433";"structuurplot";"6230";"6230_hn";"verbossing";"bedekking verbossing";"0";"Percentage";NA;"%";"Verstoring";"verbossing"
"IV2017012713022515";"58433";"structuurplot";"6230";"6230_hn";"verbossing";"bedekking verbossing";"0";"Percentage";NA;"%";"Verstoring";"verbossing/verstruweling"
"IV2017012714021766";"1436718";"structuurplot";"6230";"6230_hmo";"nLevensvormen";"aantal levensvormen aanwezig";"3";"Geheel getal";NA;NA;"Structuur";"horizontale structuur"
"IV2017012714021766";"1436718";"structuurplot";"6230";"6230_hmo";"strooisellaag";"bedekking strooisellaag";"0";"Percentage";NA;"%";"Verstoring";"strooisellaag"
"IV2017012714021766";"1436718";"structuurplot";"6230";"6230_hmo";"verbossing";"bedekking verbossing";"30";"Percentage";NA;"%";"Verstoring";"verbossing"
"IV2017012714021766";"1436718";"structuurplot";"6230";"6230_hmo";"verbossing";"bedekking verbossing";"30";"Percentage";NA;"%";"Verstoring";"verbossing/verstruweling"
"IV2017012715472176";"4390190";"structuurplot";"6410";"6410_ve";"strooisellaag";"bedekking strooisellaag";"0";"Percentage";NA;"%";"Verstoring";"strooisellaag"
"IV2017012715472176";"4390190";"structuurplot";"6410";"6410_ve";"verbossing";"bedekking verbossing";"0";"Percentage";NA;"%";"Verstoring";"verbossing"
"IV2017012715472176";"4390190";"structuurplot";"6410";"6410_ve";"verbossing";"bedekking verbossing";"0";"Percentage";NA;"%";"Verstoring";"verbossing/verstruweling"
"IV2017012716564741";"2760937";"structuurplot";"6410";"6410_ve";"strooisellaag";"bedekking strooisellaag";"0";"Percentage";NA;"%";"Verstoring";"strooisellaag"
"IV2017012716564741";"2760937";"structuurplot";"6410";"6410_ve";"verbossing";"bedekking verbossing";"0";"Percentage";NA;"%";"Verstoring";"verbossing"
"IV2017012716564741";"2760937";"structuurplot";"6410";"6410_ve";"verbossing";"bedekking verbossing";"0";"Percentage";NA;"%";"Verstoring";"verbossing/verstruweling"
"IV2017013011141972";"857298";"structuurplot";"6230";"6230_hn";"nLevensvormen";"aantal levensvormen aanwezig";"3";"Geheel getal";NA;NA;"Structuur";"horizontale structuur"
"IV2017013011141972";"857298";"structuurplot";"6230";"6230_hn";"strooisellaag";"bedekking strooisellaag";"5";"Percentage";NA;"%";"Verstoring";"strooisellaag"
"IV2017013011141972";"857298";"structuurplot";"6230";"6230_hn";"verbossing";"bedekking verbossing";"0";"Percentage";NA;"%";"Verstoring";"verbossing"
"IV2017013011141972";"857298";"structuurplot";"6230";"6230_hn";"verbossing";"bedekking verbossing";"0";"Percentage";NA;"%";"Verstoring";"verbossing/verstruweling"
"IV2017013012265239";"627922";"structuurplot";"6230";"6230_hn";"nLevensvormen";"aantal levensvormen aanwezig";"3";"Geheel getal";NA;NA;"Structuur";"horizontale structuur"
"IV2017013012265239";"627922";"structuurplot";"6230";"6230_hn";"strooisellaag";"bedekking strooisellaag";"1";"Percentage";NA;"%";"Verstoring";"strooisellaag"
"IV2017013012265239";"627922";"structuurplot";"6230";"6230_hn";"verbossing";"bedekking verbossing";"0";"Percentage";NA;"%";"Verstoring";"verbossing"
"IV2017013012265239";"627922";"structuurplot";"6230";"6230_hn";"verbossing";"bedekking verbossing";"0";"Percentage";NA;"%";"Verstoring";"verbossing/verstruweling"
"IV2017013013143717";"87250";"structuurplot";"6230";"6230_hn";"nLevensvormen";"aantal levensvormen aanwezig";"3";"Geheel getal";NA;NA;"Structuur";"horizontale structuur"
"IV2017013013143717";"87250";"structuurplot";"6230";"6230_hn";"strooisellaag";"bedekking strooisellaag";"2";"Percentage";NA;"%";"Verstoring";"strooisellaag"
"IV2017013013143717";"87250";"structuurplot";"6230";"6230_hn";"verbossing";"bedekking verbossing";"0";"Percentage";NA;"%";"Verstoring";"verbossing"
"IV2017013013143717";"87250";"structuurplot";"6230";"6230_hn";"verbossing";"bedekking verbossing";"0";"Percentage";NA;"%";"Verstoring";"verbossing/verstruweling"
"IV2017013015085454";"1115122";"structuurplot";"6230";"6230_hn";"nLevensvormen";"aantal levensvormen aanwezig";"3";"Geheel getal";NA;NA;"Structuur";"horizontale structuur"
"IV2017013015085454";"1115122";"structuurplot";"6230";"6230_hn";"strooisellaag";"bedekking strooisellaag";"1";"Percentage";NA;"%";"Verstoring";"strooisellaag"
"IV2017013015085454";"1115122";"structuurplot";"6230";"6230_hn";"verbossing";"bedekking verbossing";"2";"Percentage";NA;"%";"Verstoring";"verbossing"
"IV2017013015085454";"1115122";"structuurplot";"6230";"6230_hn";"verbossing";"bedekking verbossing";"2";"Percentage";NA;"%";"Verstoring";"verbossing/verstruweling"
"IV2017013016040477";"619506";"structuurplot";"6230";"6230_ha";"strooisellaag";"bedekking strooisellaag";"3";"Percentage";NA;"%";"Verstoring";"strooisellaag"
"IV2017013016040477";"619506";"structuurplot";"6230";"6230_ha";"verbossing";"bedekking verbossing";"2";"Percentage";NA;"%";"Verstoring";"verbossing"
"IV2017013016040477";"619506";"structuurplot";"6230";"6230_ha";"verbossing";"bedekking verbossing";"2";"Percentage";NA;"%";"Verstoring";"verbossing/verstruweling"
"IV2017020111393906";"340978";"structuurplot";"6230";"6230_hn";"nLevensvormen";"aantal levensvormen aanwezig";"3";"Geheel getal";NA;NA;"Structuur";"horizontale structuur"
"IV2017020111393906";"340978";"structuurplot";"6230";"6230_hn";"strooisellaag";"bedekking strooisellaag";"0";"Percentage";NA;"%";"Verstoring";"strooisellaag"
"IV2017020111393906";"340978";"structuurplot";"6230";"6230_hn";"verbossing";"bedekking verbossing";"3";"Percentage";NA;"%";"Verstoring";"verbossing"
"IV2017020111393906";"340978";"structuurplot";"6230";"6230_hn";"verbossing";"bedekking verbossing";"3";"Percentage";NA;"%";"Verstoring";"verbossing/verstruweling"
"IV2017020120160542";"1711014";"structuurplot";"6230";"6230_hn";"nLevensvormen";"aantal levensvormen aanwezig";"3";"Geheel getal";NA;NA;"Structuur";"horizontale structuur"
"IV2017020120160542";"1711014";"structuurplot";"6230";"6230_hn";"strooisellaag";"bedekking strooisellaag";"5";"Percentage";NA;"%";"Verstoring";"strooisellaag"
"IV2017020120160542";"1711014";"structuurplot";"6230";"6230_hn";"verbossing";"bedekking verbossing";"3";"Percentage";NA;"%";"Verstoring";"verbossing"
"IV2017020120160542";"1711014";"structuurplot";"6230";"6230_hn";"verbossing";"bedekking verbossing";"3";"Percentage";NA;"%";"Verstoring";"verbossing/verstruweling"
"IV2017020121221303";"3276198";"structuurplot";"6230";"6230_hmo";"nLevensvormen";"aantal levensvormen aanwezig";"3";"Geheel getal";NA;NA;"Structuur";"horizontale structuur"
"IV2017020121221303";"3276198";"structuurplot";"6230";"6230_hmo";"strooisellaag";"bedekking strooisellaag";"5";"Percentage";NA;"%";"Verstoring";"strooisellaag"
"IV2017020121221303";"3276198";"structuurplot";"6230";"6230_hmo";"verbossing";"bedekking verbossing";"1";"Percentage";NA;"%";"Verstoring";"verbossing"
"IV2017020121221303";"3276198";"structuurplot";"6230";"6230_hmo";"verbossing";"bedekking verbossing";"1";"Percentage";NA;"%";"Verstoring";"verbossing/verstruweling"
"IV2017020211373000";"487606";"structuurplot";"6230";"6230_hmo";"nLevensvormen";"aantal levensvormen aanwezig";"3";"Geheel getal";NA;NA;"Structuur";"horizontale structuur"
"IV2017020211373000";"487606";"structuurplot";"6230";"6230_hmo";"strooisellaag";"bedekking strooisellaag";"2";"Percentage";NA;"%";"Verstoring";"strooisellaag"
"IV2017020211373000";"487606";"structuurplot";"6230";"6230_hmo";"verbossing";"bedekking verbossing";"1";"Percentage";NA;"%";"Verstoring";"verbossing"
"IV2017020211373000";"487606";"structuurplot";"6230";"6230_hmo";"verbossing";"bedekking verbossing";"1";"Percentage";NA;"%";"Verstoring";"verbossing/verstruweling"
"IV2017020308555607";"2173889";"structuurplot";"6410";"6410_mo";"strooisellaag";"bedekking strooisellaag";"0";"Percentage";NA;"%";"Verstoring";"strooisellaag"
"IV2017020308555607";"2173889";"structuurplot";"6410";"6410_mo";"verbossing";"bedekking verbossing";"0";"Percentage";NA;"%";"Verstoring";"verbossing"
"IV2017020308555607";"2173889";"structuurplot";"6410";"6410_mo";"verbossing";"bedekking verbossing";"0";"Percentage";NA;"%";"Verstoring";"verbossing/verstruweling"
"IV2017020309320429";"4008897";"structuurplot";"6410";"6410_mo";"strooisellaag";"bedekking strooisellaag";"0";"Percentage";NA;"%";"Verstoring";"strooisellaag"
"IV2017020309320429";"4008897";"structuurplot";"6410";"6410_mo";"verbossing";"bedekking verbossing";"0";"Percentage";NA;"%";"Verstoring";"verbossing"
"IV2017020309320429";"4008897";"structuurplot";"6410";"6410_mo";"verbossing";"bedekking verbossing";"0";"Percentage";NA;"%";"Verstoring";"verbossing/verstruweling"
"IV2017020310250354";"10766985";"structuurplot";"6410";"6410_mo";"strooisellaag";"bedekking strooisellaag";"30";"Percentage";NA;"%";"Verstoring";"strooisellaag"
"IV2017020310250354";"10766985";"structuurplot";"6410";"6410_mo";"verbossing";"bedekking verbossing";"0";"Percentage";NA;"%";"Verstoring";"verbossing"
"IV2017020310250354";"10766985";"structuurplot";"6410";"6410_mo";"verbossing";"bedekking verbossing";"0";"Percentage";NA;"%";"Verstoring";"verbossing/verstruweling"
"IV2017020318234508";"282614";"structuurplot";"7140";"7140_meso";"strooisellaag";"bedekking strooisellaag";"0";"Percentage";NA;"%";"Verstoring";"strooisellaag"
"IV2017020318234508";"282614";"structuurplot";"7140";"7140_meso";"strooisellaag";"bedekking strooisellaag";"0";"Percentage";NA;"%";"Structuur";"strooisellaag"
"IV2017020318234508";"282614";"structuurplot";"7140";"7140_meso";"betreding_brand";"bedekking structuurschade";"0";"Percentage";NA;"%";"Verstoring";"structuurschade"
"IV2017020318234508";"282614";"structuurplot";"7140";"7140_meso";"verbossing";"bedekking verbossing";"0";"Percentage";NA;"%";"Verstoring";"verbossing"
"IV2017020318480754";"856054";"structuurplot";"7140";"7140_meso";"strooisellaag";"bedekking strooisellaag";"0";"Percentage";NA;"%";"Verstoring";"strooisellaag"
"IV2017020318480754";"856054";"structuurplot";"7140";"7140_meso";"strooisellaag";"bedekking strooisellaag";"0";"Percentage";NA;"%";"Structuur";"strooisellaag"
"IV2017020318480754";"856054";"structuurplot";"7140";"7140_meso";"betreding_brand";"bedekking structuurschade";"0";"Percentage";NA;"%";"Verstoring";"structuurschade"
"IV2017020318480754";"856054";"structuurplot";"7140";"7140_meso";"verbossing";"bedekking verbossing";"0";"Percentage";NA;"%";"Verstoring";"verbossing"
"IV2017020319064156";"170798";"structuurplot";"7140";"7140_oli";"strooisellaag";"bedekking strooisellaag";"0";"Percentage";NA;"%";"Verstoring";"strooisellaag"
"IV2017020319064156";"170798";"structuurplot";"7140";"7140_oli";"strooisellaag";"bedekking strooisellaag";"0";"Percentage";NA;"%";"Structuur";"strooisellaag"
"IV2017020319064156";"170798";"structuurplot";"7140";"7140_oli";"betreding_brand";"bedekking structuurschade";"0";"Percentage";NA;"%";"Verstoring";"structuurschade"
"IV2017020319064156";"170798";"structuurplot";"7140";"7140_oli";"verbossing";"bedekking verbossing";"0";"Percentage";NA;"%";"Verstoring";"verbossing"
"IV2017020714540212";"863862";"structuurplot";"7140";"7140_meso";"strooisellaag";"bedekking strooisellaag";"0";"Percentage";NA;"%";"Verstoring";"strooisellaag"
"IV2017020714540212";"863862";"structuurplot";"7140";"7140_meso";"strooisellaag";"bedekking strooisellaag";"0";"Percentage";NA;"%";"Structuur";"strooisellaag"
"IV2017020714540212";"863862";"structuurplot";"7140";"7140_meso";"betreding_brand";"bedekking structuurschade";"0";"Percentage";NA;"%";"Verstoring";"structuurschade"
"IV2017020714540212";"863862";"structuurplot";"7140";"7140_meso";"verbossing";"bedekking verbossing";"10";"Percentage";NA;"%";"Verstoring";"verbossing"
"IV2017020813570832";"1013294";"structuurplot";"7140";"7140_meso";"strooisellaag";"bedekking strooisellaag";"0";"Percentage";NA;"%";"Verstoring";"strooisellaag"
"IV2017020813570832";"1013294";"structuurplot";"7140";"7140_meso";"strooisellaag";"bedekking strooisellaag";"0";"Percentage";NA;"%";"Structuur";"strooisellaag"
"IV2017020813570832";"1013294";"structuurplot";"7140";"7140_meso";"betreding_brand";"bedekking structuurschade";"0";"Percentage";NA;"%";"Verstoring";"structuurschade"
"IV2017020813570832";"1013294";"structuurplot";"7140";"7140_meso";"verbossing";"bedekking verbossing";"25";"Percentage";NA;"%";"Verstoring";"verbossing"
"IV2017020814462786";"518902";"structuurplot";"7140";"7140_meso";"strooisellaag";"bedekking strooisellaag";"0";"Percentage";NA;"%";"Verstoring";"strooisellaag"
"IV2017020814462786";"518902";"structuurplot";"7140";"7140_meso";"strooisellaag";"bedekking strooisellaag";"0";"Percentage";NA;"%";"Structuur";"strooisellaag"
"IV2017020814462786";"518902";"structuurplot";"7140";"7140_meso";"betreding_brand";"bedekking structuurschade";"0";"Percentage";NA;"%";"Verstoring";"structuurschade"
"IV2017020814462786";"518902";"structuurplot";"7140";"7140_meso";"verbossing";"bedekking verbossing";"0";"Percentage";NA;"%";"Verstoring";"verbossing"
"IV2017020815451966";"14029138";"structuurplot";"6120";"6120";"naakte_bodem";"bedekking naakte bodem";"1";"Percentage";NA;"%";"Structuur";"naakte bodem"
"IV2017020815451966";"14029138";"structuurplot";"6120";"6120";"strooisellaag";"bedekking strooisellaag";"0";"Percentage";NA;"%";"Verstoring";"strooisellaag"
"IV2017020815451966";"14029138";"structuurplot";"6120";"6120";"verbossing";"bedekking verbossing";"4";"Percentage";NA;"%";"Verstoring";"verbossing"
"IV2017020815451966";"14029138";"structuurplot";"6120";"6120";"verbossing";"bedekking verbossing";"4";"Percentage";NA;"%";"Verstoring";"verbossing/verstruweling"
"IV2017020912043705";"20320594";"structuurplot";"6120";"6120";"naakte_bodem";"bedekking naakte bodem";"1";"Percentage";NA;"%";"Structuur";"naakte bodem"
"IV2017020912043705";"20320594";"structuurplot";"6120";"6120";"strooisellaag";"bedekking strooisellaag";"0";"Percentage";NA;"%";"Verstoring";"strooisellaag"
"IV2017020912043705";"20320594";"structuurplot";"6120";"6120";"verbossing";"bedekking verbossing";"0";"Percentage";NA;"%";"Verstoring";"verbossing"
"IV2017020912043705";"20320594";"structuurplot";"6120";"6120";"verbossing";"bedekking verbossing";"0";"Percentage";NA;"%";"Verstoring";"verbossing/verstruweling"
"IV2017020914342201";"11366482";"structuurplot";"6120";"6120";"naakte_bodem";"bedekking naakte bodem";"5";"Percentage";NA;"%";"Structuur";"naakte bodem"
"IV2017020914342201";"11366482";"structuurplot";"6120";"6120";"strooisellaag";"bedekking strooisellaag";"0";"Percentage";NA;"%";"Verstoring";"strooisellaag"
"IV2017020914342201";"11366482";"structuurplot";"6120";"6120";"verbossing";"bedekking verbossing";"0";"Percentage";NA;"%";"Verstoring";"verbossing"
"IV2017020914342201";"11366482";"structuurplot";"6120";"6120";"verbossing";"bedekking verbossing";"0";"Percentage";NA;"%";"Verstoring";"verbossing/verstruweling"
"IV2017020916182461";"4501586";"structuurplot";"6120";"6120";"naakte_bodem";"bedekking naakte bodem";"20";"Percentage";NA;"%";"Structuur";"naakte bodem"
"IV2017020916182461";"4501586";"structuurplot";"6120";"6120";"strooisellaag";"bedekking strooisellaag";"0";"Percentage";NA;"%";"Verstoring";"strooisellaag"
"IV2017020916182461";"4501586";"structuurplot";"6120";"6120";"verbossing";"bedekking verbossing";"0";"Percentage";NA;"%";"Verstoring";"verbossing"
"IV2017020916182461";"4501586";"structuurplot";"6120";"6120";"verbossing";"bedekking verbossing";"0";"Percentage";NA;"%";"Verstoring";"verbossing/verstruweling"
"IV2017021009570606";"2468182";"structuurplot";"6410";"6410_ve";"strooisellaag";"bedekking strooisellaag";"0";"Percentage";NA;"%";"Verstoring";"strooisellaag"
"IV2017021009570606";"2468182";"structuurplot";"6410";"6410_ve";"verbossing";"bedekking verbossing";"0";"Percentage";NA;"%";"Verstoring";"verbossing"
"IV2017021009570606";"2468182";"structuurplot";"6410";"6410_ve";"verbossing";"bedekking verbossing";"0";"Percentage";NA;"%";"Verstoring";"verbossing/verstruweling"
"IV2017021011372088";"4042038";"structuurplot";"6410";"6410_mo";"strooisellaag";"bedekking strooisellaag";"0";"Percentage";NA;"%";"Verstoring";"strooisellaag"
"IV2017021011372088";"4042038";"structuurplot";"6410";"6410_mo";"verbossing";"bedekking verbossing";"0";"Percentage";NA;"%";"Verstoring";"verbossing"
"IV2017021011372088";"4042038";"structuurplot";"6410";"6410_mo";"verbossing";"bedekking verbossing";"0";"Percentage";NA;"%";"Verstoring";"verbossing/verstruweling"
"IV2017021012413096";"544902";"structuurplot";"6230";"6230_ha";"strooisellaag";"bedekking strooisellaag";"0";"Percentage";NA;"%";"Verstoring";"strooisellaag"
"IV2017021012413096";"544902";"structuurplot";"6230";"6230_ha";"verbossing";"bedekking verbossing";"2";"Percentage";NA;"%";"Verstoring";"verbossing"
"IV2017021012413096";"544902";"structuurplot";"6230";"6230_ha";"verbossing";"bedekking verbossing";"2";"Percentage";NA;"%";"Verstoring";"verbossing/verstruweling"
"IV2017021017031808";"1618054";"structuurplot";"6410";"6410_ve";"strooisellaag";"bedekking strooisellaag";"1";"Percentage";NA;"%";"Verstoring";"strooisellaag"
"IV2017021017031808";"1618054";"structuurplot";"6410";"6410_ve";"verbossing";"bedekking verbossing";"0";"Percentage";NA;"%";"Verstoring";"verbossing"
"IV2017021017031808";"1618054";"structuurplot";"6410";"6410_ve";"verbossing";"bedekking verbossing";"0";"Percentage";NA;"%";"Verstoring";"verbossing/verstruweling"
"IV2017021017402906";"6152326";"structuurplot";"6410";"6410_mo";"strooisellaag";"bedekking strooisellaag";"0";"Percentage";NA;"%";"Verstoring";"strooisellaag"
"IV2017021017402906";"6152326";"structuurplot";"6410";"6410_mo";"verbossing";"bedekking verbossing";"0";"Percentage";NA;"%";"Verstoring";"verbossing"
"IV2017021017402906";"6152326";"structuurplot";"6410";"6410_mo";"verbossing";"bedekking verbossing";"0";"Percentage";NA;"%";"Verstoring";"verbossing/verstruweling"
"IV2017021018144986";"1286278";"structuurplot";"6410";"6410_ve";"strooisellaag";"bedekking strooisellaag";"40";"Percentage";NA;"%";"Verstoring";"strooisellaag"
"IV2017021018144986";"1286278";"structuurplot";"6410";"6410_ve";"verbossing";"bedekking verbossing";"0";"Percentage";NA;"%";"Verstoring";"verbossing"
"IV2017021018144986";"1286278";"structuurplot";"6410";"6410_ve";"verbossing";"bedekking verbossing";"0";"Percentage";NA;"%";"Verstoring";"verbossing/verstruweling"
"IV2017021311152342";"4975814";"structuurplot";"6410";"6410_mo";"strooisellaag";"bedekking strooisellaag";"0";"Percentage";NA;"%";"Verstoring";"strooisellaag"
"IV2017021311152342";"4975814";"structuurplot";"6410";"6410_mo";"verbossing";"bedekking verbossing";"0";"Percentage";NA;"%";"Verstoring";"verbossing"
"IV2017021311152342";"4975814";"structuurplot";"6410";"6410_mo";"verbossing";"bedekking verbossing";"0";"Percentage";NA;"%";"Verstoring";"verbossing/verstruweling"
"IV2017021312171588";"4598982";"structuurplot";"6410";"6410_mo";"strooisellaag";"bedekking strooisellaag";"0";"Percentage";NA;"%";"Verstoring";"strooisellaag"
"IV2017021312171588";"4598982";"structuurplot";"6410";"6410_mo";"verbossing";"bedekking verbossing";"0";"Percentage";NA;"%";"Verstoring";"verbossing"
"IV2017021312171588";"4598982";"structuurplot";"6410";"6410_mo";"verbossing";"bedekking verbossing";"0";"Percentage";NA;"%";"Verstoring";"verbossing/verstruweling"
"IV2017021313081237";"9087041";"structuurplot";"6410";"6410_ve";"strooisellaag";"bedekking strooisellaag";"0";"Percentage";NA;"%";"Verstoring";"strooisellaag"
"IV2017021313081237";"9087041";"structuurplot";"6410";"6410_ve";"verbossing";"bedekking verbossing";"0";"Percentage";NA;"%";"Verstoring";"verbossing"
"IV2017021313081237";"9087041";"structuurplot";"6410";"6410_ve";"verbossing";"bedekking verbossing";"0";"Percentage";NA;"%";"Verstoring";"verbossing/verstruweling"
"IV2017021314165316";"2898758";"structuurplot";"6410";"6410_mo";"strooisellaag";"bedekking strooisellaag";"0";"Percentage";NA;"%";"Verstoring";"strooisellaag"
"IV2017021314165316";"2898758";"structuurplot";"6410";"6410_mo";"verbossing";"bedekking verbossing";"0";"Percentage";NA;"%";"Verstoring";"verbossing"
"IV2017021314165316";"2898758";"structuurplot";"6410";"6410_mo";"verbossing";"bedekking verbossing";"0";"Percentage";NA;"%";"Verstoring";"verbossing/verstruweling"
"IV2017021315595672";"1022766";"structuurplot";"6230";"6230_hmo";"nLevensvormen";"aantal levensvormen aanwezig";"3";"Geheel getal";NA;NA;"Structuur";"horizontale structuur"
"IV2017021315595672";"1022766";"structuurplot";"6230";"6230_hmo";"strooisellaag";"bedekking strooisellaag";"2";"Percentage";NA;"%";"Verstoring";"strooisellaag"
"IV2017021315595672";"1022766";"structuurplot";"6230";"6230_hmo";"verbossing";"bedekking verbossing";"1";"Percentage";NA;"%";"Verstoring";"verbossing"
"IV2017021315595672";"1022766";"structuurplot";"6230";"6230_hmo";"verbossing";"bedekking verbossing";"1";"Percentage";NA;"%";"Verstoring";"verbossing/verstruweling"
"IV2017021411231990";"3016210";"structuurplot";"6410";"6410_mo";"strooisellaag";"bedekking strooisellaag";"0";"Percentage";NA;"%";"Verstoring";"strooisellaag"
"IV2017021411231990";"3016210";"structuurplot";"6410";"6410_mo";"verbossing";"bedekking verbossing";"0";"Percentage";NA;"%";"Verstoring";"verbossing"
"IV2017021411231990";"3016210";"structuurplot";"6410";"6410_mo";"verbossing";"bedekking verbossing";"0";"Percentage";NA;"%";"Verstoring";"verbossing/verstruweling"
"IV2017021414091295";"498886";"structuurplot";"6410";"6410_mo";"strooisellaag";"bedekking strooisellaag";"0";"Percentage";NA;"%";"Verstoring";"strooisellaag"
"IV2017021414091295";"498886";"structuurplot";"6410";"6410_mo";"verbossing";"bedekking verbossing";"0";"Percentage";NA;"%";"Verstoring";"verbossing"
"IV2017021414091295";"498886";"structuurplot";"6410";"6410_mo";"verbossing";"bedekking verbossing";"0";"Percentage";NA;"%";"Verstoring";"verbossing/verstruweling"
"IV2017021414350820";"654598";"structuurplot";"6230";"6230_ha";"strooisellaag";"bedekking strooisellaag";"0";"Percentage";NA;"%";"Verstoring";"strooisellaag"
"IV2017021414350820";"654598";"structuurplot";"6230";"6230_ha";"verbossing";"bedekking verbossing";"0";"Percentage";NA;"%";"Verstoring";"verbossing"
"IV2017021414350820";"654598";"structuurplot";"6230";"6230_ha";"verbossing";"bedekking verbossing";"0";"Percentage";NA;"%";"Verstoring";"verbossing/verstruweling"
"IV2017021415171476";"753630";"structuurplot";"6230";"6230_hmo";"nLevensvormen";"aantal levensvormen aanwezig";"3";"Geheel getal";NA;NA;"Structuur";"horizontale structuur"
"IV2017021415171476";"753630";"structuurplot";"6230";"6230_hmo";"strooisellaag";"bedekking strooisellaag";"0";"Percentage";NA;"%";"Verstoring";"strooisellaag"
"IV2017021415171476";"753630";"structuurplot";"6230";"6230_hmo";"verbossing";"bedekking verbossing";"0";"Percentage";NA;"%";"Verstoring";"verbossing"
"IV2017021415171476";"753630";"structuurplot";"6230";"6230_hmo";"verbossing";"bedekking verbossing";"0";"Percentage";NA;"%";"Verstoring";"verbossing/verstruweling"
"IV2017021415590760";"979286";"structuurplot";"6230";"6230_hmo";"nLevensvormen";"aantal levensvormen aanwezig";"3";"Geheel getal";NA;NA;"Structuur";"horizontale structuur"
"IV2017021415590760";"979286";"structuurplot";"6230";"6230_hmo";"strooisellaag";"bedekking strooisellaag";"0";"Percentage";NA;"%";"Verstoring";"strooisellaag"
"IV2017021415590760";"979286";"structuurplot";"6230";"6230_hmo";"verbossing";"bedekking verbossing";"2";"Percentage";NA;"%";"Verstoring";"verbossing"
"IV2017021415590760";"979286";"structuurplot";"6230";"6230_hmo";"verbossing";"bedekking verbossing";"2";"Percentage";NA;"%";"Verstoring";"verbossing/verstruweling"
"IV2017021416154407";"1062930";"structuurplot";"6410";"6410_mo";"strooisellaag";"bedekking strooisellaag";"1";"Percentage";NA;"%";"Verstoring";"strooisellaag"
"IV2017021416154407";"1062930";"structuurplot";"6410";"6410_mo";"verbossing";"bedekking verbossing";"0";"Percentage";NA;"%";"Verstoring";"verbossing"
"IV2017021416154407";"1062930";"structuurplot";"6410";"6410_mo";"verbossing";"bedekking verbossing";"0";"Percentage";NA;"%";"Verstoring";"verbossing/verstruweling"
"IV2017021416161173";"1346134";"structuurplot";"6410";"6410_ve";"strooisellaag";"bedekking strooisellaag";"0";"Percentage";NA;"%";"Verstoring";"strooisellaag"
"IV2017021416161173";"1346134";"structuurplot";"6410";"6410_ve";"verbossing";"bedekking verbossing";"0";"Percentage";NA;"%";"Verstoring";"verbossing"
"IV2017021416161173";"1346134";"structuurplot";"6410";"6410_ve";"verbossing";"bedekking verbossing";"0";"Percentage";NA;"%";"Verstoring";"verbossing/verstruweling"
"IV2017021416585251";"1474526";"structuurplot";"6230";"6230_hmo";"nLevensvormen";"aantal levensvormen aanwezig";"3";"Geheel getal";NA;NA;"Structuur";"horizontale structuur"
"IV2017021416585251";"1474526";"structuurplot";"6230";"6230_hmo";"strooisellaag";"bedekking strooisellaag";"0";"Percentage";NA;"%";"Verstoring";"strooisellaag"
"IV2017021416585251";"1474526";"structuurplot";"6230";"6230_hmo";"verbossing";"bedekking verbossing";"1";"Percentage";NA;"%";"Verstoring";"verbossing"
"IV2017021416585251";"1474526";"structuurplot";"6230";"6230_hmo";"verbossing";"bedekking verbossing";"1";"Percentage";NA;"%";"Verstoring";"verbossing/verstruweling"
"IV2017021417294457";"1884126";"structuurplot";"6230";"6230_hmo";"nLevensvormen";"aantal levensvormen aanwezig";"3";"Geheel getal";NA;NA;"Structuur";"horizontale structuur"
"IV2017021417294457";"1884126";"structuurplot";"6230";"6230_hmo";"strooisellaag";"bedekking strooisellaag";"0";"Percentage";NA;"%";"Verstoring";"strooisellaag"
"IV2017021417294457";"1884126";"structuurplot";"6230";"6230_hmo";"verbossing";"bedekking verbossing";"1";"Percentage";NA;"%";"Verstoring";"verbossing"
"IV2017021417294457";"1884126";"structuurplot";"6230";"6230_hmo";"verbossing";"bedekking verbossing";"1";"Percentage";NA;"%";"Verstoring";"verbossing/verstruweling"
"IV2017021511162976";"311262";"structuurplot";"6230";"6230_hn";"nLevensvormen";"aantal levensvormen aanwezig";"3";"Geheel getal";NA;NA;"Structuur";"horizontale structuur"
"IV2017021511162976";"311262";"structuurplot";"6230";"6230_hn";"strooisellaag";"bedekking strooisellaag";"0";"Percentage";NA;"%";"Verstoring";"strooisellaag"
"IV2017021511162976";"311262";"structuurplot";"6230";"6230_hn";"verbossing";"bedekking verbossing";"5";"Percentage";NA;"%";"Verstoring";"verbossing"
"IV2017021511162976";"311262";"structuurplot";"6230";"6230_hn";"verbossing";"bedekking verbossing";"5";"Percentage";NA;"%";"Verstoring";"verbossing/verstruweling"
"IV2017021512035316";"880094";"structuurplot";"7140";"7140_oli";"strooisellaag";"bedekking strooisellaag";"70";"Percentage";NA;"%";"Verstoring";"strooisellaag"
"IV2017021512035316";"880094";"structuurplot";"7140";"7140_oli";"strooisellaag";"bedekking strooisellaag";"70";"Percentage";NA;"%";"Structuur";"strooisellaag"
"IV2017021512035316";"880094";"structuurplot";"7140";"7140_oli";"betreding_brand";"bedekking structuurschade";"0";"Percentage";NA;"%";"Verstoring";"structuurschade"
"IV2017021512035316";"880094";"structuurplot";"7140";"7140_oli";"verbossing";"bedekking verbossing";"0";"Percentage";NA;"%";"Verstoring";"verbossing"
"IV2017021513104974";"482290";"structuurplot";"7140";"7140_meso";"strooisellaag";"bedekking strooisellaag";"0";"Percentage";NA;"%";"Verstoring";"strooisellaag"
"IV2017021513104974";"482290";"structuurplot";"7140";"7140_meso";"strooisellaag";"bedekking strooisellaag";"0";"Percentage";NA;"%";"Structuur";"strooisellaag"
"IV2017021513104974";"482290";"structuurplot";"7140";"7140_meso";"betreding_brand";"bedekking structuurschade";"0";"Percentage";NA;"%";"Verstoring";"structuurschade"
"IV2017021513104974";"482290";"structuurplot";"7140";"7140_meso";"verbossing";"bedekking verbossing";"0";"Percentage";NA;"%";"Verstoring";"verbossing"
"IV2017021513172295";"3777298";"structuurplot";"6410";"6410_mo";"strooisellaag";"bedekking strooisellaag";"0";"Percentage";NA;"%";"Verstoring";"strooisellaag"
"IV2017021513172295";"3777298";"structuurplot";"6410";"6410_mo";"verbossing";"bedekking verbossing";"0";"Percentage";NA;"%";"Verstoring";"verbossing"
"IV2017021513172295";"3777298";"structuurplot";"6410";"6410_mo";"verbossing";"bedekking verbossing";"0";"Percentage";NA;"%";"Verstoring";"verbossing/verstruweling"
"IV2017021513305863";"267986";"structuurplot";"7140";"7140_meso";"strooisellaag";"bedekking strooisellaag";"0";"Percentage";NA;"%";"Verstoring";"strooisellaag"
"IV2017021513305863";"267986";"structuurplot";"7140";"7140_meso";"strooisellaag";"bedekking strooisellaag";"0";"Percentage";NA;"%";"Structuur";"strooisellaag"
"IV2017021513305863";"267986";"structuurplot";"7140";"7140_meso";"betreding_brand";"bedekking structuurschade";"0";"Percentage";NA;"%";"Verstoring";"structuurschade"
"IV2017021513305863";"267986";"structuurplot";"7140";"7140_meso";"verbossing";"bedekking verbossing";"40";"Percentage";NA;"%";"Verstoring";"verbossing"
"IV2017021513582966";"1388150";"structuurplot";"7140";"7140_meso";"strooisellaag";"bedekking strooisellaag";"0";"Percentage";NA;"%";"Verstoring";"strooisellaag"
"IV2017021513582966";"1388150";"structuurplot";"7140";"7140_meso";"strooisellaag";"bedekking strooisellaag";"0";"Percentage";NA;"%";"Structuur";"strooisellaag"
"IV2017021513582966";"1388150";"structuurplot";"7140";"7140_meso";"betreding_brand";"bedekking structuurschade";"0";"Percentage";NA;"%";"Verstoring";"structuurschade"
"IV2017021513582966";"1388150";"structuurplot";"7140";"7140_meso";"verbossing";"bedekking verbossing";"1";"Percentage";NA;"%";"Verstoring";"verbossing"
"IV2017021514480221";"923346";"structuurplot";"7140";"7140_meso";"strooisellaag";"bedekking strooisellaag";"20";"Percentage";NA;"%";"Verstoring";"strooisellaag"
"IV2017021514480221";"923346";"structuurplot";"7140";"7140_meso";"strooisellaag";"bedekking strooisellaag";"20";"Percentage";NA;"%";"Structuur";"strooisellaag"
"IV2017021514480221";"923346";"structuurplot";"7140";"7140_meso";"betreding_brand";"bedekking structuurschade";"0";"Percentage";NA;"%";"Verstoring";"structuurschade"
"IV2017021514480221";"923346";"structuurplot";"7140";"7140_meso";"verbossing";"bedekking verbossing";"30";"Percentage";NA;"%";"Verstoring";"verbossing"
"IV2017021515052872";"419538";"structuurplot";"7140";"7140_oli";"strooisellaag";"bedekking strooisellaag";"0";"Percentage";NA;"%";"Verstoring";"strooisellaag"
"IV2017021515052872";"419538";"structuurplot";"7140";"7140_oli";"strooisellaag";"bedekking strooisellaag";"0";"Percentage";NA;"%";"Structuur";"strooisellaag"
"IV2017021515052872";"419538";"structuurplot";"7140";"7140_oli";"betreding_brand";"bedekking structuurschade";"0";"Percentage";NA;"%";"Verstoring";"structuurschade"
"IV2017021515052872";"419538";"structuurplot";"7140";"7140_oli";"verbossing";"bedekking verbossing";"1";"Percentage";NA;"%";"Verstoring";"verbossing"
"IV2017021515263591";"943826";"structuurplot";"7140";"7140_oli";"strooisellaag";"bedekking strooisellaag";"0";"Percentage";NA;"%";"Verstoring";"strooisellaag"
"IV2017021515263591";"943826";"structuurplot";"7140";"7140_oli";"strooisellaag";"bedekking strooisellaag";"0";"Percentage";NA;"%";"Structuur";"strooisellaag"
"IV2017021515263591";"943826";"structuurplot";"7140";"7140_oli";"betreding_brand";"bedekking structuurschade";"0";"Percentage";NA;"%";"Verstoring";"structuurschade"
"IV2017021515263591";"943826";"structuurplot";"7140";"7140_oli";"verbossing";"bedekking verbossing";"0";"Percentage";NA;"%";"Verstoring";"verbossing"
"IV2017021515505552";"271030";"structuurplot";"7140";"7140_meso";"strooisellaag";"bedekking strooisellaag";"70";"Percentage";NA;"%";"Verstoring";"strooisellaag"
"IV2017021515505552";"271030";"structuurplot";"7140";"7140_meso";"strooisellaag";"bedekking strooisellaag";"70";"Percentage";NA;"%";"Structuur";"strooisellaag"
"IV2017021515505552";"271030";"structuurplot";"7140";"7140_meso";"betreding_brand";"bedekking structuurschade";"0";"Percentage";NA;"%";"Verstoring";"structuurschade"
"IV2017021515505552";"271030";"structuurplot";"7140";"7140_meso";"verbossing";"bedekking verbossing";"0";"Percentage";NA;"%";"Verstoring";"verbossing"
"IV2017021516075256";"103094";"structuurplot";"7140";"7140_meso";"strooisellaag";"bedekking strooisellaag";"70";"Percentage";NA;"%";"Verstoring";"strooisellaag"
"IV2017021516075256";"103094";"structuurplot";"7140";"7140_meso";"strooisellaag";"bedekking strooisellaag";"70";"Percentage";NA;"%";"Structuur";"strooisellaag"
"IV2017021516075256";"103094";"structuurplot";"7140";"7140_meso";"betreding_brand";"bedekking structuurschade";"0";"Percentage";NA;"%";"Verstoring";"structuurschade"
"IV2017021516075256";"103094";"structuurplot";"7140";"7140_meso";"verbossing";"bedekking verbossing";"0";"Percentage";NA;"%";"Verstoring";"verbossing"
"IV2017021516261649";"959958";"structuurplot";"7140";"7140_oli";"strooisellaag";"bedekking strooisellaag";"0";"Percentage";NA;"%";"Verstoring";"strooisellaag"
"IV2017021516261649";"959958";"structuurplot";"7140";"7140_oli";"strooisellaag";"bedekking strooisellaag";"0";"Percentage";NA;"%";"Structuur";"strooisellaag"
"IV2017021516261649";"959958";"structuurplot";"7140";"7140_oli";"betreding_brand";"bedekking structuurschade";"0";"Percentage";NA;"%";"Verstoring";"structuurschade"
"IV2017021516261649";"959958";"structuurplot";"7140";"7140_oli";"verbossing";"bedekking verbossing";"25";"Percentage";NA;"%";"Verstoring";"verbossing"
"IV2017021710262223";"1087350";"structuurplot";"7140";"7140_meso";"strooisellaag";"bedekking strooisellaag";"40";"Percentage";NA;"%";"Verstoring";"strooisellaag"
"IV2017021710262223";"1087350";"structuurplot";"7140";"7140_meso";"strooisellaag";"bedekking strooisellaag";"40";"Percentage";NA;"%";"Structuur";"strooisellaag"
"IV2017021710262223";"1087350";"structuurplot";"7140";"7140_meso";"betreding_brand";"bedekking structuurschade";"0";"Percentage";NA;"%";"Verstoring";"structuurschade"
"IV2017021710262223";"1087350";"structuurplot";"7140";"7140_meso";"verbossing";"bedekking verbossing";"1";"Percentage";NA;"%";"Verstoring";"verbossing"
"IV2017021710534965";"3219382";"structuurplot";"7140";"7140_meso";"strooisellaag";"bedekking strooisellaag";"0";"Percentage";NA;"%";"Verstoring";"strooisellaag"
"IV2017021710534965";"3219382";"structuurplot";"7140";"7140_meso";"strooisellaag";"bedekking strooisellaag";"0";"Percentage";NA;"%";"Structuur";"strooisellaag"
"IV2017021710534965";"3219382";"structuurplot";"7140";"7140_meso";"betreding_brand";"bedekking structuurschade";"1";"Percentage";NA;"%";"Verstoring";"structuurschade"
"IV2017021710534965";"3219382";"structuurplot";"7140";"7140_meso";"verbossing";"bedekking verbossing";"10";"Percentage";NA;"%";"Verstoring";"verbossing"
"IV2017021712152647";"1749942";"structuurplot";"7140";"7140_meso";"strooisellaag";"bedekking strooisellaag";"5";"Percentage";NA;"%";"Verstoring";"strooisellaag"
"IV2017021712152647";"1749942";"structuurplot";"7140";"7140_meso";"strooisellaag";"bedekking strooisellaag";"5";"Percentage";NA;"%";"Structuur";"strooisellaag"
"IV2017021712152647";"1749942";"structuurplot";"7140";"7140_meso";"betreding_brand";"bedekking structuurschade";"0";"Percentage";NA;"%";"Verstoring";"structuurschade"
"IV2017021712152647";"1749942";"structuurplot";"7140";"7140_meso";"verbossing";"bedekking verbossing";"30";"Percentage";NA;"%";"Verstoring";"verbossing"
"IV2017021712361732";"702674";"structuurplot";"7140";"7140_oli";"strooisellaag";"bedekking strooisellaag";"10";"Percentage";NA;"%";"Verstoring";"strooisellaag"
"IV2017021712361732";"702674";"structuurplot";"7140";"7140_oli";"strooisellaag";"bedekking strooisellaag";"10";"Percentage";NA;"%";"Structuur";"strooisellaag"
"IV2017021712361732";"702674";"structuurplot";"7140";"7140_oli";"betreding_brand";"bedekking structuurschade";"0";"Percentage";NA;"%";"Verstoring";"structuurschade"
"IV2017021712361732";"702674";"structuurplot";"7140";"7140_oli";"verbossing";"bedekking verbossing";"4";"Percentage";NA;"%";"Verstoring";"verbossing"
"IV2017021713122588";"3732406";"structuurplot";"7140";"7140_meso";"strooisellaag";"bedekking strooisellaag";"10";"Percentage";NA;"%";"Verstoring";"strooisellaag"
"IV2017021713122588";"3732406";"structuurplot";"7140";"7140_meso";"strooisellaag";"bedekking strooisellaag";"10";"Percentage";NA;"%";"Structuur";"strooisellaag"
"IV2017021713122588";"3732406";"structuurplot";"7140";"7140_meso";"betreding_brand";"bedekking structuurschade";"0";"Percentage";NA;"%";"Verstoring";"structuurschade"
"IV2017021713122588";"3732406";"structuurplot";"7140";"7140_meso";"verbossing";"bedekking verbossing";"1";"Percentage";NA;"%";"Verstoring";"verbossing"
"IV2017021716440979";"1635254";"structuurplot";"7140";"7140_meso";"strooisellaag";"bedekking strooisellaag";"0";"Percentage";NA;"%";"Verstoring";"strooisellaag"
"IV2017021716440979";"1635254";"structuurplot";"7140";"7140_meso";"strooisellaag";"bedekking strooisellaag";"0";"Percentage";NA;"%";"Structuur";"strooisellaag"
"IV2017021716440979";"1635254";"structuurplot";"7140";"7140_meso";"betreding_brand";"bedekking structuurschade";"0";"Percentage";NA;"%";"Verstoring";"structuurschade"
"IV2017021716440979";"1635254";"structuurplot";"7140";"7140_meso";"verbossing";"bedekking verbossing";"45";"Percentage";NA;"%";"Verstoring";"verbossing"
"IV2017021717085050";"4026418";"structuurplot";"6410";"6410_mo";"strooisellaag";"bedekking strooisellaag";"0";"Percentage";NA;"%";"Verstoring";"strooisellaag"
"IV2017021717085050";"4026418";"structuurplot";"6410";"6410_mo";"verbossing";"bedekking verbossing";"0";"Percentage";NA;"%";"Verstoring";"verbossing"
"IV2017021717085050";"4026418";"structuurplot";"6410";"6410_mo";"verbossing";"bedekking verbossing";"0";"Percentage";NA;"%";"Verstoring";"verbossing/verstruweling"
"IV2017021717285026";"2225078";"structuurplot";"7140";"7140_meso";"strooisellaag";"bedekking strooisellaag";"0";"Percentage";NA;"%";"Verstoring";"strooisellaag"
"IV2017021717285026";"2225078";"structuurplot";"7140";"7140_meso";"strooisellaag";"bedekking strooisellaag";"0";"Percentage";NA;"%";"Structuur";"strooisellaag"
"IV2017021717285026";"2225078";"structuurplot";"7140";"7140_meso";"betreding_brand";"bedekking structuurschade";"0";"Percentage";NA;"%";"Verstoring";"structuurschade"
"IV2017021717285026";"2225078";"structuurplot";"7140";"7140_meso";"verbossing";"bedekking verbossing";"7";"Percentage";NA;"%";"Verstoring";"verbossing"
"IV2017022011205318";"1583446";"structuurplot";"6410";"6410_mo";"strooisellaag";"bedekking strooisellaag";"0";"Percentage";NA;"%";"Verstoring";"strooisellaag"
"IV2017022011205318";"1583446";"structuurplot";"6410";"6410_mo";"verbossing";"bedekking verbossing";"0";"Percentage";NA;"%";"Verstoring";"verbossing"
"IV2017022011205318";"1583446";"structuurplot";"6410";"6410_mo";"verbossing";"bedekking verbossing";"0";"Percentage";NA;"%";"Verstoring";"verbossing/verstruweling"
"IV2017022013121858";"5783154";"structuurplot";"6410";"6410_mo";"strooisellaag";"bedekking strooisellaag";"0";"Percentage";NA;"%";"Verstoring";"strooisellaag"
"IV2017022013121858";"5783154";"structuurplot";"6410";"6410_mo";"verbossing";"bedekking verbossing";"7";"Percentage";NA;"%";"Verstoring";"verbossing"
"IV2017022013121858";"5783154";"structuurplot";"6410";"6410_mo";"verbossing";"bedekking verbossing";"7";"Percentage";NA;"%";"Verstoring";"verbossing/verstruweling"
"IV2017022014150360";"414646";"structuurplot";"6230";"6230_hn";"nLevensvormen";"aantal levensvormen aanwezig";"3";"Geheel getal";NA;NA;"Structuur";"horizontale structuur"
"IV2017022014150360";"414646";"structuurplot";"6230";"6230_hn";"strooisellaag";"bedekking strooisellaag";"0";"Percentage";NA;"%";"Verstoring";"strooisellaag"
"IV2017022014150360";"414646";"structuurplot";"6230";"6230_hn";"verbossing";"bedekking verbossing";"0";"Percentage";NA;"%";"Verstoring";"verbossing"
"IV2017022014150360";"414646";"structuurplot";"6230";"6230_hn";"verbossing";"bedekking verbossing";"0";"Percentage";NA;"%";"Verstoring";"verbossing/verstruweling"
"IV2017022015390187";"905382";"structuurplot";"6410";"6410_mo";"strooisellaag";"bedekking strooisellaag";"0";"Percentage";NA;"%";"Verstoring";"strooisellaag"
"IV2017022015390187";"905382";"structuurplot";"6410";"6410_mo";"verbossing";"bedekking verbossing";"0";"Percentage";NA;"%";"Verstoring";"verbossing"
"IV2017022015390187";"905382";"structuurplot";"6410";"6410_mo";"verbossing";"bedekking verbossing";"0";"Percentage";NA;"%";"Verstoring";"verbossing/verstruweling"
"IV2017022111183354";"1004470";"structuurplot";"7140";"7140_meso";"strooisellaag";"bedekking strooisellaag";"0";"Percentage";NA;"%";"Verstoring";"strooisellaag"
"IV2017022111183354";"1004470";"structuurplot";"7140";"7140_meso";"strooisellaag";"bedekking strooisellaag";"0";"Percentage";NA;"%";"Structuur";"strooisellaag"
"IV2017022111183354";"1004470";"structuurplot";"7140";"7140_meso";"betreding_brand";"bedekking structuurschade";"0";"Percentage";NA;"%";"Verstoring";"structuurschade"
"IV2017022111183354";"1004470";"structuurplot";"7140";"7140_meso";"verbossing";"bedekking verbossing";"5";"Percentage";NA;"%";"Verstoring";"verbossing"
"IV2017022112545290";"3008870";"structuurplot";"6410";"6410_mo";"strooisellaag";"bedekking strooisellaag";"0";"Percentage";NA;"%";"Verstoring";"strooisellaag"
"IV2017022112545290";"3008870";"structuurplot";"6410";"6410_mo";"verbossing";"bedekking verbossing";"5";"Percentage";NA;"%";"Verstoring";"verbossing"
"IV2017022112545290";"3008870";"structuurplot";"6410";"6410_mo";"verbossing";"bedekking verbossing";"5";"Percentage";NA;"%";"Verstoring";"verbossing/verstruweling"
"IV2017022115375527";"4057446";"structuurplot";"6410";"6410_mo";"strooisellaag";"bedekking strooisellaag";"0";"Percentage";NA;"%";"Verstoring";"strooisellaag"
"IV2017022115375527";"4057446";"structuurplot";"6410";"6410_mo";"verbossing";"bedekking verbossing";"0";"Percentage";NA;"%";"Verstoring";"verbossing"
"IV2017022115375527";"4057446";"structuurplot";"6410";"6410_mo";"verbossing";"bedekking verbossing";"0";"Percentage";NA;"%";"Verstoring";"verbossing/verstruweling"
"IV2017022211385297";"3741830";"structuurplot";"6410";"6410_mo";"strooisellaag";"bedekking strooisellaag";"0";"Percentage";NA;"%";"Verstoring";"strooisellaag"
"IV2017022211385297";"3741830";"structuurplot";"6410";"6410_mo";"verbossing";"bedekking verbossing";"0";"Percentage";NA;"%";"Verstoring";"verbossing"
"IV2017022211385297";"3741830";"structuurplot";"6410";"6410_mo";"verbossing";"bedekking verbossing";"0";"Percentage";NA;"%";"Verstoring";"verbossing/verstruweling"
"IV2017022213011877";"1156230";"structuurplot";"6410";"6410_mo";"strooisellaag";"bedekking strooisellaag";"0";"Percentage";NA;"%";"Verstoring";"strooisellaag"
"IV2017022213011877";"1156230";"structuurplot";"6410";"6410_mo";"verbossing";"bedekking verbossing";"0";"Percentage";NA;"%";"Verstoring";"verbossing"
"IV2017022213011877";"1156230";"structuurplot";"6410";"6410_mo";"verbossing";"bedekking verbossing";"0";"Percentage";NA;"%";"Verstoring";"verbossing/verstruweling"
"IV2017022315312444";"2160774";"structuurplot";"6410";"6410_mo";"strooisellaag";"bedekking strooisellaag";"2";"Percentage";NA;"%";"Verstoring";"strooisellaag"
"IV2017022315312444";"2160774";"structuurplot";"6410";"6410_mo";"verbossing";"bedekking verbossing";"0";"Percentage";NA;"%";"Verstoring";"verbossing"
"IV2017022315312444";"2160774";"structuurplot";"6410";"6410_mo";"verbossing";"bedekking verbossing";"0";"Percentage";NA;"%";"Verstoring";"verbossing/verstruweling"
"IV2017022318064503";"2839602";"structuurplot";"6410";"6410_mo";"strooisellaag";"bedekking strooisellaag";"0";"Percentage";NA;"%";"Verstoring";"strooisellaag"
"IV2017022318064503";"2839602";"structuurplot";"6410";"6410_mo";"verbossing";"bedekking verbossing";"0";"Percentage";NA;"%";"Verstoring";"verbossing"
"IV2017022318064503";"2839602";"structuurplot";"6410";"6410_mo";"verbossing";"bedekking verbossing";"0";"Percentage";NA;"%";"Verstoring";"verbossing/verstruweling"
"IV2017022412465341";"480306";"structuurplot";"6410";"6410_mo";"strooisellaag";"bedekking strooisellaag";"0";"Percentage";NA;"%";"Verstoring";"strooisellaag"
"IV2017022412465341";"480306";"structuurplot";"6410";"6410_mo";"verbossing";"bedekking verbossing";"0";"Percentage";NA;"%";"Verstoring";"verbossing"
"IV2017022412465341";"480306";"structuurplot";"6410";"6410_mo";"verbossing";"bedekking verbossing";"0";"Percentage";NA;"%";"Verstoring";"verbossing/verstruweling"
"IV2017112908460816";"1036446";"structuurplot";"6230";"6230_hmo";"nLevensvormen";"aantal levensvormen aanwezig";"3";"Geheel getal";NA;NA;"Structuur";"horizontale structuur"
"IV2017112908460816";"1036446";"structuurplot";"6230";"6230_hmo";"strooisellaag";"bedekking strooisellaag";"0";"Percentage";NA;"%";"Verstoring";"strooisellaag"
"IV2017112908460816";"1036446";"structuurplot";"6230";"6230_hmo";"verbossing";"bedekking verbossing";"0";"Percentage";NA;"%";"Verstoring";"verbossing"
"IV2017112908460816";"1036446";"structuurplot";"6230";"6230_hmo";"verbossing";"bedekking verbossing";"0";"Percentage";NA;"%";"Verstoring";"verbossing/verstruweling"
"IV2017112912580483";"823129";"structuurplot";"6230";"6230_hmo";"nLevensvormen";"aantal levensvormen aanwezig";"2";"Geheel getal";NA;NA;"Structuur";"horizontale structuur"
"IV2017112912580483";"823129";"structuurplot";"6230";"6230_hmo";"strooisellaag";"bedekking strooisellaag";"0";"Percentage";NA;"%";"Verstoring";"strooisellaag"
"IV2017112912580483";"823129";"structuurplot";"6230";"6230_hmo";"verbossing";"bedekking verbossing";"1";"Percentage";NA;"%";"Verstoring";"verbossing"
"IV2017112912580483";"823129";"structuurplot";"6230";"6230_hmo";"verbossing";"bedekking verbossing";"1";"Percentage";NA;"%";"Verstoring";"verbossing/verstruweling"
"IV2017112913583445";"1428270";"structuurplot";"6230";"6230_hn";"nLevensvormen";"aantal levensvormen aanwezig";"3";"Geheel getal";NA;NA;"Structuur";"horizontale structuur"
"IV2017112913583445";"1428270";"structuurplot";"6230";"6230_hn";"strooisellaag";"bedekking strooisellaag";"0";"Percentage";NA;"%";"Verstoring";"strooisellaag"
"IV2017112913583445";"1428270";"structuurplot";"6230";"6230_hn";"verbossing";"bedekking verbossing";"0";"Percentage";NA;"%";"Verstoring";"verbossing"
"IV2017112913583445";"1428270";"structuurplot";"6230";"6230_hn";"verbossing";"bedekking verbossing";"0";"Percentage";NA;"%";"Verstoring";"verbossing/verstruweling"
"IV2017112915243954";"1642233";"structuurplot";"6410";"6410_mo";"strooisellaag";"bedekking strooisellaag";"0";"Percentage";NA;"%";"Verstoring";"strooisellaag"
"IV2017112915243954";"1642233";"structuurplot";"6410";"6410_mo";"verbossing";"bedekking verbossing";"0";"Percentage";NA;"%";"Verstoring";"verbossing"
"IV2017112915243954";"1642233";"structuurplot";"6410";"6410_mo";"verbossing";"bedekking verbossing";"0";"Percentage";NA;"%";"Verstoring";"verbossing/verstruweling"
"IV2017113010102631";"6645958";"structuurplot";"6410";"6410_mo";"strooisellaag";"bedekking strooisellaag";"0";"Percentage";NA;"%";"Verstoring";"strooisellaag"
"IV2017113010102631";"6645958";"structuurplot";"6410";"6410_mo";"verbossing";"bedekking verbossing";"0";"Percentage";NA;"%";"Verstoring";"verbossing"
"IV2017113010102631";"6645958";"structuurplot";"6410";"6410_mo";"verbossing";"bedekking verbossing";"0";"Percentage";NA;"%";"Verstoring";"verbossing/verstruweling"
"IV2017113011505228";"6194105";"structuurplot";"6410";"6410_mo";"strooisellaag";"bedekking strooisellaag";"0";"Percentage";NA;"%";"Verstoring";"strooisellaag"
"IV2017113011505228";"6194105";"structuurplot";"6410";"6410_mo";"verbossing";"bedekking verbossing";"0";"Percentage";NA;"%";"Verstoring";"verbossing"
"IV2017113011505228";"6194105";"structuurplot";"6410";"6410_mo";"verbossing";"bedekking verbossing";"0";"Percentage";NA;"%";"Verstoring";"verbossing/verstruweling"
"IV2017120108115051";"1348277";"structuurplot";"1330";"1330_hpr";"microrelief_bedekking";"bedekking microrelief";"100";"Percentage";NA;"%";"Structuur";"microreliëf"
"IV2017120108115051";"1348277";"structuurplot";"1330";"1330_hpr";"microrelief_aanwezigheid";"microreliëf aanwezig";"1";"Ja/nee";NA;NA;"Structuur";"microreliëf"
"IV2017120109032402";"299701";"structuurplot";"1330";"1330_hpr";"microrelief_bedekking";"bedekking microrelief";"100";"Percentage";NA;"%";"Structuur";"microreliëf"
"IV2017120109032402";"299701";"structuurplot";"1330";"1330_hpr";"microrelief_aanwezigheid";"microreliëf aanwezig";"1";"Ja/nee";NA;NA;"Structuur";"microreliëf"
"IV2017120111004036";"1403657";"structuurplot";"1330";"1330_hpr";"microrelief_bedekking";"bedekking microrelief";"100";"Percentage";NA;"%";"Structuur";"microreliëf"
"IV2017120111004036";"1403657";"structuurplot";"1330";"1330_hpr";"microrelief_aanwezigheid";"microreliëf aanwezig";"1";"Ja/nee";NA;NA;"Structuur";"microreliëf"
"IV2017120111463956";"4599942";"structuurplot";"6410";"6410_ve";"strooisellaag";"bedekking strooisellaag";"0";"Percentage";NA;"%";"Verstoring";"strooisellaag"
"IV2017120111463956";"4599942";"structuurplot";"6410";"6410_ve";"verbossing";"bedekking verbossing";"0";"Percentage";NA;"%";"Verstoring";"verbossing"
"IV2017120111463956";"4599942";"structuurplot";"6410";"6410_ve";"verbossing";"bedekking verbossing";"0";"Percentage";NA;"%";"Verstoring";"verbossing/verstruweling"
"IV2017120112090282";"2334854";"structuurplot";"6230";"6230_hmo";"nLevensvormen";"aantal levensvormen aanwezig";"2";"Geheel getal";NA;NA;"Structuur";"horizontale structuur"
"IV2017120112090282";"2334854";"structuurplot";"6230";"6230_hmo";"strooisellaag";"bedekking strooisellaag";"0";"Percentage";NA;"%";"Verstoring";"strooisellaag"
"IV2017120112090282";"2334854";"structuurplot";"6230";"6230_hmo";"verbossing";"bedekking verbossing";"0";"Percentage";NA;"%";"Verstoring";"verbossing"
"IV2017120112090282";"2334854";"structuurplot";"6230";"6230_hmo";"verbossing";"bedekking verbossing";"0";"Percentage";NA;"%";"Verstoring";"verbossing/verstruweling"
"IV2017120112565263";"1040518";"structuurplot";"6230";"6230_hn";"nLevensvormen";"aantal levensvormen aanwezig";"3";"Geheel getal";NA;NA;"Structuur";"horizontale structuur"
"IV2017120112565263";"1040518";"structuurplot";"6230";"6230_hn";"strooisellaag";"bedekking strooisellaag";"0";"Percentage";NA;"%";"Verstoring";"strooisellaag"
"IV2017120112565263";"1040518";"structuurplot";"6230";"6230_hn";"verbossing";"bedekking verbossing";"1";"Percentage";NA;"%";"Verstoring";"verbossing"
"IV2017120112565263";"1040518";"structuurplot";"6230";"6230_hn";"verbossing";"bedekking verbossing";"1";"Percentage";NA;"%";"Verstoring";"verbossing/verstruweling"
"IV2017120114192219";"2813697";"structuurplot";"6230";"6230_hn";"nLevensvormen";"aantal levensvormen aanwezig";"3";"Geheel getal";NA;NA;"Structuur";"horizontale structuur"
"IV2017120114192219";"2813697";"structuurplot";"6230";"6230_hn";"strooisellaag";"bedekking strooisellaag";"0";"Percentage";NA;"%";"Verstoring";"strooisellaag"
"IV2017120114192219";"2813697";"structuurplot";"6230";"6230_hn";"verbossing";"bedekking verbossing";"60";"Percentage";NA;"%";"Verstoring";"verbossing"
"IV2017120114192219";"2813697";"structuurplot";"6230";"6230_hn";"verbossing";"bedekking verbossing";"60";"Percentage";NA;"%";"Verstoring";"verbossing/verstruweling"
"IV2017120117414722";"8158406";"structuurplot";"6410";"6410_mo";"strooisellaag";"bedekking strooisellaag";"0";"Percentage";NA;"%";"Verstoring";"strooisellaag"
"IV2017120117414722";"8158406";"structuurplot";"6410";"6410_mo";"verbossing";"bedekking verbossing";"0";"Percentage";NA;"%";"Verstoring";"verbossing"
"IV2017120117414722";"8158406";"structuurplot";"6410";"6410_mo";"verbossing";"bedekking verbossing";"0";"Percentage";NA;"%";"Verstoring";"verbossing/verstruweling"
"IV2017120118231406";"8121542";"structuurplot";"6410";"6410_mo";"strooisellaag";"bedekking strooisellaag";"0";"Percentage";NA;"%";"Verstoring";"strooisellaag"
"IV2017120118231406";"8121542";"structuurplot";"6410";"6410_mo";"verbossing";"bedekking verbossing";"10";"Percentage";NA;"%";"Verstoring";"verbossing"
"IV2017120118231406";"8121542";"structuurplot";"6410";"6410_mo";"verbossing";"bedekking verbossing";"10";"Percentage";NA;"%";"Verstoring";"verbossing/verstruweling"
"IV2017120118520910";"7072966";"structuurplot";"6410";"6410_mo";"strooisellaag";"bedekking strooisellaag";"0";"Percentage";NA;"%";"Verstoring";"strooisellaag"
"IV2017120118520910";"7072966";"structuurplot";"6410";"6410_mo";"verbossing";"bedekking verbossing";"0";"Percentage";NA;"%";"Verstoring";"verbossing"
"IV2017120118520910";"7072966";"structuurplot";"6410";"6410_mo";"verbossing";"bedekking verbossing";"0";"Percentage";NA;"%";"Verstoring";"verbossing/verstruweling"
"IV2018030220035638";"1443378";"structuurplot";"6230";"6230_hn";"nLevensvormen";"aantal levensvormen aanwezig";"3";"Geheel getal";NA;NA;"Structuur";"horizontale structuur"
"IV2018030220035638";"1443378";"structuurplot";"6230";"6230_hn";"strooisellaag";"bedekking strooisellaag";"3";"Percentage";NA;"%";"Verstoring";"strooisellaag"
"IV2018030220035638";"1443378";"structuurplot";"6230";"6230_hn";"verbossing";"bedekking verbossing";"0";"Percentage";NA;"%";"Verstoring";"verbossing"
"IV2018030220035638";"1443378";"structuurplot";"6230";"6230_hn";"verbossing";"bedekking verbossing";"0";"Percentage";NA;"%";"Verstoring";"verbossing/verstruweling"
"IV2018030221161700";"332786";"structuurplot";"6230";"6230_hn";"nLevensvormen";"aantal levensvormen aanwezig";"3";"Geheel getal";NA;NA;"Structuur";"horizontale structuur"
"IV2018030221161700";"332786";"structuurplot";"6230";"6230_hn";"strooisellaag";"bedekking strooisellaag";"1";"Percentage";NA;"%";"Verstoring";"strooisellaag"
"IV2018030221161700";"332786";"structuurplot";"6230";"6230_hn";"verbossing";"bedekking verbossing";"0";"Percentage";NA;"%";"Verstoring";"verbossing"
"IV2018030221161700";"332786";"structuurplot";"6230";"6230_hn";"verbossing";"bedekking verbossing";"0";"Percentage";NA;"%";"Verstoring";"verbossing/verstruweling"
"IV2018030415500950";"1085366";"structuurplot";"6230";"6230_hn";"nLevensvormen";"aantal levensvormen aanwezig";"3";"Geheel getal";NA;NA;"Structuur";"horizontale structuur"
"IV2018030415500950";"1085366";"structuurplot";"6230";"6230_hn";"strooisellaag";"bedekking strooisellaag";"10";"Percentage";NA;"%";"Verstoring";"strooisellaag"
"IV2018030415500950";"1085366";"structuurplot";"6230";"6230_hn";"verbossing";"bedekking verbossing";"0.5";"Percentage";NA;"%";"Verstoring";"verbossing"
"IV2018030415500950";"1085366";"structuurplot";"6230";"6230_hn";"verbossing";"bedekking verbossing";"0.5";"Percentage";NA;"%";"Verstoring";"verbossing/verstruweling"
"IV2018030416251801";"983990";"structuurplot";"6230";"6230_hn";"nLevensvormen";"aantal levensvormen aanwezig";"3";"Geheel getal";NA;NA;"Structuur";"horizontale structuur"
"IV2018030416251801";"983990";"structuurplot";"6230";"6230_hn";"strooisellaag";"bedekking strooisellaag";"3";"Percentage";NA;"%";"Verstoring";"strooisellaag"
"IV2018030416251801";"983990";"structuurplot";"6230";"6230_hn";"verbossing";"bedekking verbossing";"0";"Percentage";NA;"%";"Verstoring";"verbossing"
"IV2018030416251801";"983990";"structuurplot";"6230";"6230_hn";"verbossing";"bedekking verbossing";"0";"Percentage";NA;"%";"Verstoring";"verbossing/verstruweling"
"IV2018030418071744";"309458";"structuurplot";"6230";"6230_hmo";"nLevensvormen";"aantal levensvormen aanwezig";"3";"Geheel getal";NA;NA;"Structuur";"horizontale structuur"
"IV2018030418071744";"309458";"structuurplot";"6230";"6230_hmo";"strooisellaag";"bedekking strooisellaag";"0";"Percentage";NA;"%";"Verstoring";"strooisellaag"
"IV2018030418071744";"309458";"structuurplot";"6230";"6230_hmo";"verbossing";"bedekking verbossing";"0.5";"Percentage";NA;"%";"Verstoring";"verbossing"
"IV2018030418071744";"309458";"structuurplot";"6230";"6230_hmo";"verbossing";"bedekking verbossing";"0.5";"Percentage";NA;"%";"Verstoring";"verbossing/verstruweling"
"IV2018030512111847";"2133926";"structuurplot";"6230";"6230_hmo";"nLevensvormen";"aantal levensvormen aanwezig";"3";"Geheel getal";NA;NA;"Structuur";"horizontale structuur"
"IV2018030512111847";"2133926";"structuurplot";"6230";"6230_hmo";"strooisellaag";"bedekking strooisellaag";"1";"Percentage";NA;"%";"Verstoring";"strooisellaag"
"IV2018030512111847";"2133926";"structuurplot";"6230";"6230_hmo";"verbossing";"bedekking verbossing";"2";"Percentage";NA;"%";"Verstoring";"verbossing"
"IV2018030512111847";"2133926";"structuurplot";"6230";"6230_hmo";"verbossing";"bedekking verbossing";"2";"Percentage";NA;"%";"Verstoring";"verbossing/verstruweling"
"IV2018030513530737";"2264998";"structuurplot";"6230";"6230_hmo";"nLevensvormen";"aantal levensvormen aanwezig";"3";"Geheel getal";NA;NA;"Structuur";"horizontale structuur"
"IV2018030513530737";"2264998";"structuurplot";"6230";"6230_hmo";"strooisellaag";"bedekking strooisellaag";"0";"Percentage";NA;"%";"Verstoring";"strooisellaag"
"IV2018030513530737";"2264998";"structuurplot";"6230";"6230_hmo";"verbossing";"bedekking verbossing";"10";"Percentage";NA;"%";"Verstoring";"verbossing"
"IV2018030513530737";"2264998";"structuurplot";"6230";"6230_hmo";"verbossing";"bedekking verbossing";"10";"Percentage";NA;"%";"Verstoring";"verbossing/verstruweling"
"IV2018030514594211";"3734950";"structuurplot";"6230";"6230_hn";"nLevensvormen";"aantal levensvormen aanwezig";"3";"Geheel getal";NA;NA;"Structuur";"horizontale structuur"
"IV2018030514594211";"3734950";"structuurplot";"6230";"6230_hn";"strooisellaag";"bedekking strooisellaag";"0";"Percentage";NA;"%";"Verstoring";"strooisellaag"
"IV2018030514594211";"3734950";"structuurplot";"6230";"6230_hn";"verbossing";"bedekking verbossing";"0";"Percentage";NA;"%";"Verstoring";"verbossing"
"IV2018030514594211";"3734950";"structuurplot";"6230";"6230_hn";"verbossing";"bedekking verbossing";"0";"Percentage";NA;"%";"Verstoring";"verbossing/verstruweling"
"IV2018030614122464";"7203174";"structuurplot";"6410";"6410_mo";"strooisellaag";"bedekking strooisellaag";"0";"Percentage";NA;"%";"Verstoring";"strooisellaag"
"IV2018030614122464";"7203174";"structuurplot";"6410";"6410_mo";"verbossing";"bedekking verbossing";"0";"Percentage";NA;"%";"Verstoring";"verbossing"
"IV2018030614122464";"7203174";"structuurplot";"6410";"6410_mo";"verbossing";"bedekking verbossing";"0";"Percentage";NA;"%";"Verstoring";"verbossing/verstruweling"
"IV2018030711265492";"5624882";"structuurplot";"6410";"6410_ve";"strooisellaag";"bedekking strooisellaag";"0";"Percentage";NA;"%";"Verstoring";"strooisellaag"
"IV2018030711265492";"5624882";"structuurplot";"6410";"6410_ve";"verbossing";"bedekking verbossing";"0";"Percentage";NA;"%";"Verstoring";"verbossing"
"IV2018030711265492";"5624882";"structuurplot";"6410";"6410_ve";"verbossing";"bedekking verbossing";"0";"Percentage";NA;"%";"Verstoring";"verbossing/verstruweling"
"IV2018030714233862";"6948370";"structuurplot";"6410";"6410_mo";"strooisellaag";"bedekking strooisellaag";"0";"Percentage";NA;"%";"Verstoring";"strooisellaag"
"IV2018030714233862";"6948370";"structuurplot";"6410";"6410_mo";"verbossing";"bedekking verbossing";"0";"Percentage";NA;"%";"Verstoring";"verbossing"
"IV2018030714233862";"6948370";"structuurplot";"6410";"6410_mo";"verbossing";"bedekking verbossing";"0";"Percentage";NA;"%";"Verstoring";"verbossing/verstruweling"
"IV2018030715551163";"783954";"structuurplot";"6230";"6230_ha";"strooisellaag";"bedekking strooisellaag";"6";"Percentage";NA;"%";"Verstoring";"strooisellaag"
"IV2018030715551163";"783954";"structuurplot";"6230";"6230_ha";"verbossing";"bedekking verbossing";"26";"Percentage";NA;"%";"Verstoring";"verbossing"
"IV2018030715551163";"783954";"structuurplot";"6230";"6230_ha";"verbossing";"bedekking verbossing";"26";"Percentage";NA;"%";"Verstoring";"verbossing/verstruweling"
"IV2018030719244841";"1140434";"structuurplot";"7140";"7140_meso";"strooisellaag";"bedekking strooisellaag";"0";"Percentage";NA;"%";"Verstoring";"strooisellaag"
"IV2018030719244841";"1140434";"structuurplot";"7140";"7140_meso";"strooisellaag";"bedekking strooisellaag";"0";"Percentage";NA;"%";"Structuur";"strooisellaag"
"IV2018030719244841";"1140434";"structuurplot";"7140";"7140_meso";"betreding_brand";"bedekking structuurschade";NA;"Percentage";NA;"%";"Verstoring";"structuurschade"
"IV2018030719244841";"1140434";"structuurplot";"7140";"7140_meso";"verbossing";"bedekking verbossing";"0";"Percentage";NA;"%";"Verstoring";"verbossing"
"IV2018030719484292";"1468114";"structuurplot";"7140";"7140_oli";"strooisellaag";"bedekking strooisellaag";"5";"Percentage";NA;"%";"Verstoring";"strooisellaag"
"IV2018030719484292";"1468114";"structuurplot";"7140";"7140_oli";"strooisellaag";"bedekking strooisellaag";"5";"Percentage";NA;"%";"Structuur";"strooisellaag"
"IV2018030719484292";"1468114";"structuurplot";"7140";"7140_oli";"betreding_brand";"bedekking structuurschade";NA;"Percentage";NA;"%";"Verstoring";"structuurschade"
"IV2018030719484292";"1468114";"structuurplot";"7140";"7140_oli";"verbossing";"bedekking verbossing";"0";"Percentage";NA;"%";"Verstoring";"verbossing"
"IV2018031009213148";"1367026";"structuurplot";"7140";"7140_oli";"strooisellaag";"bedekking strooisellaag";"3";"Percentage";NA;"%";"Verstoring";"strooisellaag"
"IV2018031009213148";"1367026";"structuurplot";"7140";"7140_oli";"strooisellaag";"bedekking strooisellaag";"3";"Percentage";NA;"%";"Structuur";"strooisellaag"
"IV2018031009213148";"1367026";"structuurplot";"7140";"7140_oli";"betreding_brand";"bedekking structuurschade";NA;"Percentage";NA;"%";"Verstoring";"structuurschade"
"IV2018031009213148";"1367026";"structuurplot";"7140";"7140_oli";"verbossing";"bedekking verbossing";"5";"Percentage";NA;"%";"Verstoring";"verbossing"
"IV2018031010191687";"222518";"structuurplot";"7140";"7140_meso";"strooisellaag";"bedekking strooisellaag";"0";"Percentage";NA;"%";"Verstoring";"strooisellaag"
"IV2018031010191687";"222518";"structuurplot";"7140";"7140_meso";"strooisellaag";"bedekking strooisellaag";"0";"Percentage";NA;"%";"Structuur";"strooisellaag"
"IV2018031010191687";"222518";"structuurplot";"7140";"7140_meso";"betreding_brand";"bedekking structuurschade";NA;"Percentage";NA;"%";"Verstoring";"structuurschade"
"IV2018031010191687";"222518";"structuurplot";"7140";"7140_meso";"verbossing";"bedekking verbossing";"0";"Percentage";NA;"%";"Verstoring";"verbossing"
"IV2018031021192601";"1576886";"structuurplot";"7140";"7140_oli";"strooisellaag";"bedekking strooisellaag";"0";"Percentage";NA;"%";"Verstoring";"strooisellaag"
"IV2018031021192601";"1576886";"structuurplot";"7140";"7140_oli";"strooisellaag";"bedekking strooisellaag";"0";"Percentage";NA;"%";"Structuur";"strooisellaag"
"IV2018031021192601";"1576886";"structuurplot";"7140";"7140_oli";"betreding_brand";"bedekking structuurschade";NA;"Percentage";NA;"%";"Verstoring";"structuurschade"
"IV2018031021192601";"1576886";"structuurplot";"7140";"7140_oli";"verbossing";"bedekking verbossing";"0";"Percentage";NA;"%";"Verstoring";"verbossing"
"IV2018031109022283";"471990";"structuurplot";"7140";"7140_meso";"strooisellaag";"bedekking strooisellaag";"0";"Percentage";NA;"%";"Verstoring";"strooisellaag"
"IV2018031109022283";"471990";"structuurplot";"7140";"7140_meso";"strooisellaag";"bedekking strooisellaag";"0";"Percentage";NA;"%";"Structuur";"strooisellaag"
"IV2018031109022283";"471990";"structuurplot";"7140";"7140_meso";"betreding_brand";"bedekking structuurschade";NA;"Percentage";NA;"%";"Verstoring";"structuurschade"
"IV2018031109022283";"471990";"structuurplot";"7140";"7140_meso";"verbossing";"bedekking verbossing";"40";"Percentage";NA;"%";"Verstoring";"verbossing"
"IV2018031113042338";"369974";"structuurplot";"7140";"7140_meso";"strooisellaag";"bedekking strooisellaag";"0";"Percentage";NA;"%";"Verstoring";"strooisellaag"
"IV2018031113042338";"369974";"structuurplot";"7140";"7140_meso";"strooisellaag";"bedekking strooisellaag";"0";"Percentage";NA;"%";"Structuur";"strooisellaag"
"IV2018031113042338";"369974";"structuurplot";"7140";"7140_meso";"betreding_brand";"bedekking structuurschade";NA;"Percentage";NA;"%";"Verstoring";"structuurschade"
"IV2018031113042338";"369974";"structuurplot";"7140";"7140_meso";"verbossing";"bedekking verbossing";"3";"Percentage";NA;"%";"Verstoring";"verbossing"
"IV2018031113285776";"717750";"structuurplot";"7140";"7140_oli";"strooisellaag";"bedekking strooisellaag";"0";"Percentage";NA;"%";"Verstoring";"strooisellaag"
"IV2018031113285776";"717750";"structuurplot";"7140";"7140_oli";"strooisellaag";"bedekking strooisellaag";"0";"Percentage";NA;"%";"Structuur";"strooisellaag"
"IV2018031113285776";"717750";"structuurplot";"7140";"7140_oli";"betreding_brand";"bedekking structuurschade";NA;"Percentage";NA;"%";"Verstoring";"structuurschade"
"IV2018031113285776";"717750";"structuurplot";"7140";"7140_oli";"verbossing";"bedekking verbossing";"0";"Percentage";NA;"%";"Verstoring";"verbossing"
"IV2018082008574310";"589698";"structuurplot";"6230";"6230_hnk";"nLevensvormen";"aantal levensvormen aanwezig";"2";"Geheel getal";NA;NA;"Structuur";"horizontale structuur"
"IV2018082008574310";"589698";"structuurplot";"6230";"6230_hnk";"strooisellaag";"bedekking strooisellaag";"0";"Percentage";NA;"%";"Verstoring";"strooisellaag"
"IV2018082008574310";"589698";"structuurplot";"6230";"6230_hnk";"verbossing";"bedekking verbossing";"1";"Percentage";NA;"%";"Verstoring";"verbossing"
"IV2018082008574310";"589698";"structuurplot";"6230";"6230_hnk";"verbossing";"bedekking verbossing";"1";"Percentage";NA;"%";"Verstoring";"verbossing/verstruweling"
"IV2018082408442571";"6102322";"structuurplot";"6410";"6410_ve";"strooisellaag";"bedekking strooisellaag";"0";"Percentage";NA;"%";"Verstoring";"strooisellaag"
"IV2018082408442571";"6102322";"structuurplot";"6410";"6410_ve";"verbossing";"bedekking verbossing";"0";"Percentage";NA;"%";"Verstoring";"verbossing"
"IV2018082408442571";"6102322";"structuurplot";"6410";"6410_ve";"verbossing";"bedekking verbossing";"0";"Percentage";NA;"%";"Verstoring";"verbossing/verstruweling"
