"";"ID";"Habitattype";"Versie";"Criterium";"Kwaliteitsniveau";"Status_criterium";"Aggregatiemethode";"Index_min_criterium";"Index_harm_criterium"
"1";"TR100400.1_14/06/2013";"3260";"Versie 2.0";"Structuur";1;TRUE;"RapportageHR";0,329428029956323;0,329428029956323
"2";"TR100400.1_14/06/2013";"3260";"Versie 2.0";"Vegetatie";1;TRUE;"RapportageHR";0;0
"3";"TR100400.1_14/06/2013";"3260";"Versie 2.0";"Verstoring";1;TRUE;"RapportageHR";0,895;0,928577636478303
"4";"TR100400.1_14/06/2013";"3260";"Versie 3";"Structuur";1;FALSE;"RapportageHR";-0,242000541472249;-0,242000541472249
"5";"TR100400.1_14/06/2013";"3260";"Versie 3";"Vegetatie";1;FALSE;"RapportageHR";-0,5;-0,5
"6";"TR100400.1_14/06/2013";"3260";"Versie 3";"Verstoring";1;FALSE;"RapportageHR";0,0105;0,334277719243185
"7";"TR100400.1_18/06/2010";"3260";"Versie 2.0";"Structuur";1;FALSE;"RapportageHR";0,0838307104570502;0,0838307104570502
"8";"TR100400.1_18/06/2010";"3260";"Versie 2.0";"Vegetatie";1;TRUE;"RapportageHR";0;0
"9";"TR100400.1_18/06/2010";"3260";"Versie 2.0";"Verstoring";1;TRUE;"RapportageHR";0,998333333333333;0,999166319299708
"10";"TR100400.1_18/06/2010";"3260";"Versie 3";"Structuur";1;FALSE;"RapportageHR";-0,487597860971521;-0,487597860971521
"11";"TR100400.1_18/06/2010";"3260";"Versie 3";"Vegetatie";1;FALSE;"RapportageHR";-0,5;-0,5
"12";"TR100400.1_18/06/2010";"3260";"Versie 3";"Verstoring";1;TRUE;"RapportageHR";0;0,332962757087271
"13";"TR100400.2_14/06/2013";"3260";"Versie 2.0";"Structuur";1;TRUE;"RapportageHR";0,841999066591071;0,841999066591071
"14";"TR100400.2_14/06/2013";"3260";"Versie 2.0";"Vegetatie";1;FALSE;"RapportageHR";-1;-1
"15";"TR100400.2_14/06/2013";"3260";"Versie 2.0";"Verstoring";1;TRUE;"RapportageHR";0,998333333333333;0,999166319299708
"16";"TR100400.2_14/06/2013";"3260";"Versie 3";"Structuur";1;TRUE;"RapportageHR";0,631331155379166;0,631331155379166
"17";"TR100400.2_14/06/2013";"3260";"Versie 3";"Vegetatie";1;FALSE;"RapportageHR";-1;-1
"18";"TR100400.2_14/06/2013";"3260";"Versie 3";"Verstoring";1;TRUE;"RapportageHR";0;0,332962757087271
"19";"TR100400.2_18/06/2010";"3260";"Versie 2.0";"Structuur";1;TRUE;"RapportageHR";0,73944204257947;0,73944204257947
"20";"TR100400.2_18/06/2010";"3260";"Versie 2.0";"Vegetatie";1;FALSE;"RapportageHR";-1;-1
"21";"TR100400.2_18/06/2010";"3260";"Versie 2.0";"Verstoring";1;TRUE;"RapportageHR";1;1
"22";"TR100400.2_18/06/2010";"3260";"Versie 3";"Structuur";1;FALSE;"RapportageHR";0,392031432685429;0,392031432685429
"23";"TR100400.2_18/06/2010";"3260";"Versie 3";"Vegetatie";1;FALSE;"RapportageHR";-1;-1
"24";"TR100400.2_18/06/2010";"3260";"Versie 3";"Verstoring";1;TRUE;"RapportageHR";0;0,333333333333333
"25";"TR100400.4_18/06/2013";"3260";"Versie 2.0";"Structuur";1;TRUE;"RapportageHR";0,878860569322543;0,878860569322543
"26";"TR100400.4_18/06/2013";"3260";"Versie 2.0";"Vegetatie";1;FALSE;"RapportageHR";-1;-1
"27";"TR100400.4_18/06/2013";"3260";"Versie 2.0";"Verstoring";1;TRUE;"RapportageHR";0,963366666666667;0,981514032682652
"28";"TR100400.4_18/06/2013";"3260";"Versie 3";"Structuur";1;TRUE;"RapportageHR";0,717341328419267;0,717341328419267
"29";"TR100400.4_18/06/2013";"3260";"Versie 3";"Vegetatie";1;FALSE;"RapportageHR";-1;-1
"30";"TR100400.4_18/06/2013";"3260";"Versie 3";"Verstoring";1;TRUE;"RapportageHR";0;0,325091956220965
"31";"TR100400.4_26/05/2011";"3260";"Versie 2.0";"Structuur";1;TRUE;"RapportageHR";0,536861991920759;0,536861991920759
"32";"TR100400.4_26/05/2011";"3260";"Versie 2.0";"Vegetatie";1;TRUE;"RapportageHR";0;0
"33";"TR100400.4_26/05/2011";"3260";"Versie 2.0";"Verstoring";1;TRUE;"RapportageHR";0,998333333333333;0,999166319299708
"34";"TR100400.4_26/05/2011";"3260";"Versie 3";"Structuur";1;FALSE;"RapportageHR";-0,0345665795078126;-0,0345665795078126
"35";"TR100400.4_26/05/2011";"3260";"Versie 3";"Vegetatie";1;FALSE;"RapportageHR";-0,5;-0,5
"36";"TR100400.4_26/05/2011";"3260";"Versie 3";"Verstoring";1;TRUE;"RapportageHR";0;0,332962757087271
"37";"TR100400.4_9/09/2011";"3260";"Versie 2.0";"Structuur";1;TRUE;"RapportageHR";0,550963185867142;0,550963185867142
"38";"TR100400.4_9/09/2011";"3260";"Versie 2.0";"Vegetatie";1;FALSE;"RapportageHR";-1;-1
"39";"TR100400.4_9/09/2011";"3260";"Versie 2.0";"Verstoring";1;TRUE;"RapportageHR";0,65;0,729644753918988
"40";"TR100400.4_9/09/2011";"3260";"Versie 3";"Structuur";1;FALSE;"RapportageHR";-0,0204653855614298;-0,0204653855614297
"41";"TR100400.4_9/09/2011";"3260";"Versie 3";"Vegetatie";1;FALSE;"RapportageHR";-1;-1
"42";"TR100400.4_9/09/2011";"3260";"Versie 3";"Verstoring";1;FALSE;"RapportageHR";0,035;0,318887319354938
"43";"TR102500.1_11/06/2013";"3260";"Versie 2.0";"Structuur";1;TRUE;"RapportageHR";0,750243415429422;0,750243415429422
"44";"TR102500.1_11/06/2013";"3260";"Versie 2.0";"Vegetatie";1;FALSE;"RapportageHR";-1;-1
"45";"TR102500.1_11/06/2013";"3260";"Versie 2.0";"Verstoring";1;TRUE;"RapportageHR";0,998333333333333;0,999166319299708
"46";"TR102500.1_11/06/2013";"3260";"Versie 3";"Structuur";1;TRUE;"RapportageHR";0,417234636001984;0,417234636001984
"47";"TR102500.1_11/06/2013";"3260";"Versie 3";"Vegetatie";1;FALSE;"RapportageHR";-1;-1
"48";"TR102500.1_11/06/2013";"3260";"Versie 3";"Verstoring";1;TRUE;"RapportageHR";0;0,332962757087271
"49";"TR102500.1_17/06/2010";"3260";"Versie 2.0";"Structuur";1;TRUE;"RapportageHR";0,739934687483953;0,739934687483953
"50";"TR102500.1_17/06/2010";"3260";"Versie 2.0";"Vegetatie";1;FALSE;"RapportageHR";-1;-1
"51";"TR102500.1_17/06/2010";"3260";"Versie 2.0";"Verstoring";1;TRUE;"RapportageHR";1;1
"52";"TR102500.1_17/06/2010";"3260";"Versie 3";"Structuur";1;FALSE;"RapportageHR";0,393180937462556;0,393180937462556
"53";"TR102500.1_17/06/2010";"3260";"Versie 3";"Vegetatie";1;FALSE;"RapportageHR";-1;-1
"54";"TR102500.1_17/06/2010";"3260";"Versie 3";"Verstoring";1;TRUE;"RapportageHR";0;0,333333333333333
"55";"TR102500.1_6/07/2016";"3260";"Versie 2.0";"Structuur";1;TRUE;"RapportageHR";0,649055517839009;0,649055517839009
"56";"TR102500.1_6/07/2016";"3260";"Versie 2.0";"Vegetatie";1;FALSE;"RapportageHR";-1;-1
"57";"TR102500.1_6/07/2016";"3260";"Versie 2.0";"Verstoring";1;TRUE;"RapportageHR";0,998333333333333;0,999166319299708
"58";"TR102500.1_6/07/2016";"3260";"Versie 3";"Structuur";1;FALSE;"RapportageHR";0,181129541624354;0,181129541624354
"59";"TR102500.1_6/07/2016";"3260";"Versie 3";"Vegetatie";1;FALSE;"RapportageHR";-1;-1
"60";"TR102500.1_6/07/2016";"3260";"Versie 3";"Verstoring";1;TRUE;"RapportageHR";0;0,332962757087271
"61";"TR102500.2_11/06/2013";"3260";"Versie 2.0";"Structuur";1;TRUE;"RapportageHR";0,58113667353651;0,58113667353651
"62";"TR102500.2_11/06/2013";"3260";"Versie 2.0";"Vegetatie";1;TRUE;"RapportageHR";0;0
"63";"TR102500.2_11/06/2013";"3260";"Versie 2.0";"Verstoring";1;TRUE;"RapportageHR";0,998333333333333;0,999166319299708
"64";"TR102500.2_11/06/2013";"3260";"Versie 3";"Structuur";1;FALSE;"RapportageHR";0,0226522382518575;0,0226522382518575
"65";"TR102500.2_11/06/2013";"3260";"Versie 3";"Vegetatie";1;TRUE;"RapportageHR";0;0
"66";"TR102500.2_11/06/2013";"3260";"Versie 3";"Verstoring";1;TRUE;"RapportageHR";0;0,332962757087271
"67";"TR102500.2_20/05/2010";"3260";"Versie 2.0";"Structuur";1;TRUE;"RapportageHR";0,7610886206568;0,7610886206568
"68";"TR102500.2_20/05/2010";"3260";"Versie 2.0";"Vegetatie";1;TRUE;"RapportageHR";0;0
"69";"TR102500.2_20/05/2010";"3260";"Versie 2.0";"Verstoring";1;TRUE;"RapportageHR";0,998333333333333;0,999166319299708
"70";"TR102500.2_20/05/2010";"3260";"Versie 3";"Structuur";1;TRUE;"RapportageHR";0,442540114865867;0,442540114865867
"71";"TR102500.2_20/05/2010";"3260";"Versie 3";"Vegetatie";1;TRUE;"RapportageHR";0;0
"72";"TR102500.2_20/05/2010";"3260";"Versie 3";"Verstoring";1;TRUE;"RapportageHR";0;0,332962757087271
"73";"TR102500.2_6/07/2016";"3260";"Versie 2.0";"Structuur";1;TRUE;"RapportageHR";0,426330975098417;0,426330975098417
"74";"TR102500.2_6/07/2016";"3260";"Versie 2.0";"Vegetatie";1;FALSE;"RapportageHR";-1;-1
"75";"TR102500.2_6/07/2016";"3260";"Versie 2.0";"Verstoring";1;TRUE;"RapportageHR";0,998333333333333;0,999166319299708
"76";"TR102500.2_6/07/2016";"3260";"Versie 3";"Structuur";1;FALSE;"RapportageHR";-0,145097596330154;-0,145097596330154
"77";"TR102500.2_6/07/2016";"3260";"Versie 3";"Vegetatie";1;FALSE;"RapportageHR";-1;-1
"78";"TR102500.2_6/07/2016";"3260";"Versie 3";"Verstoring";1;TRUE;"RapportageHR";0;0,332962757087271
"79";"TR102500.4_11/06/2013";"3260";"Versie 2.0";"Structuur";1;TRUE;"RapportageHR";0,646858727616508;0,646858727616508
"80";"TR102500.4_11/06/2013";"3260";"Versie 2.0";"Vegetatie";1;FALSE;"RapportageHR";-1;-1
"81";"TR102500.4_11/06/2013";"3260";"Versie 2.0";"Verstoring";1;TRUE;"RapportageHR";0,998333333333333;0,999166319299708
"82";"TR102500.4_11/06/2013";"3260";"Versie 3";"Structuur";1;FALSE;"RapportageHR";0,176003697771853;0,176003697771853
"83";"TR102500.4_11/06/2013";"3260";"Versie 3";"Vegetatie";1;FALSE;"RapportageHR";-1;-1
"84";"TR102500.4_11/06/2013";"3260";"Versie 3";"Verstoring";1;TRUE;"RapportageHR";0;0,332962757087271
"85";"TR102500.4_30/05/2012";"3260";"Versie 2.0";"Structuur";1;TRUE;"RapportageHR";0,400496229381196;0,400496229381196
"86";"TR102500.4_30/05/2012";"3260";"Versie 2.0";"Vegetatie";1;FALSE;"RapportageHR";-1;-1
"87";"TR102500.4_30/05/2012";"3260";"Versie 2.0";"Verstoring";1;TRUE;"RapportageHR";0,965;0,98234552332913
"88";"TR102500.4_30/05/2012";"3260";"Versie 3";"Structuur";1;FALSE;"RapportageHR";-0,170932342047376;-0,170932342047376
"89";"TR102500.4_30/05/2012";"3260";"Versie 3";"Vegetatie";1;FALSE;"RapportageHR";-1;-1
"90";"TR102500.4_30/05/2012";"3260";"Versie 3";"Verstoring";1;TRUE;"RapportageHR";0;0,325463743676222
"91";"TR102500.4_6/07/2016";"3260";"Versie 2.0";"Structuur";1;TRUE;"RapportageHR";0,374714253826143;0,374714253826143
"92";"TR102500.4_6/07/2016";"3260";"Versie 2.0";"Vegetatie";1;TRUE;"RapportageHR";0;0
"93";"TR102500.4_6/07/2016";"3260";"Versie 2.0";"Verstoring";1;TRUE;"RapportageHR";0,965;0,98234552332913
"94";"TR102500.4_6/07/2016";"3260";"Versie 3";"Structuur";1;FALSE;"RapportageHR";-0,196714317602428;-0,196714317602428
"95";"TR102500.4_6/07/2016";"3260";"Versie 3";"Vegetatie";1;TRUE;"RapportageHR";0;0
"96";"TR102500.4_6/07/2016";"3260";"Versie 3";"Verstoring";1;TRUE;"RapportageHR";0;0,325463743676222
"97";"TR147000.1_26/09/2013";"3260";"Versie 2.0";"Structuur";1;TRUE;"RapportageHR";0,9843;0,9843
"98";"TR147000.1_26/09/2013";"3260";"Versie 2.0";"Vegetatie";1;TRUE;"RapportageHR";0;0
"99";"TR147000.1_26/09/2013";"3260";"Versie 2.0";"Verstoring";1;TRUE;"RapportageHR";1;1
"100";"TR147000.1_26/09/2013";"3260";"Versie 3";"Structuur";1;TRUE;"RapportageHR";0,963366666666667;0,963366666666667
"101";"TR147000.1_26/09/2013";"3260";"Versie 3";"Vegetatie";1;TRUE;"RapportageHR";0;0
"102";"TR147000.1_26/09/2013";"3260";"Versie 3";"Verstoring";1;TRUE;"RapportageHR";0;0,333333333333333
"103";"TR147000.1_9/07/2008";"3260";"Versie 2.0";"Structuur";1;FALSE;"RapportageHR";0,999285714285714;0,999285714285714
"104";"TR147000.1_9/07/2008";"3260";"Versie 2.0";"Vegetatie";1;TRUE;"RapportageHR";0;0
"105";"TR147000.1_9/07/2008";"3260";"Versie 2.0";"Verstoring";1;TRUE;"RapportageHR";1;1
"106";"TR147000.1_9/07/2008";"3260";"Versie 3";"Structuur";1;TRUE;"RapportageHR";0,998333333333333;0,998333333333333
"107";"TR147000.1_9/07/2008";"3260";"Versie 3";"Vegetatie";1;FALSE;"RapportageHR";-0,5;-0,5
"108";"TR147000.1_9/07/2008";"3260";"Versie 3";"Verstoring";1;TRUE;"RapportageHR";0;0,333333333333333
"109";"TR147000.2_26/09/2013";"3260";"Versie 2.0";"Structuur";1;TRUE;"RapportageHR";0,920426523128571;0,920426523128571
"110";"TR147000.2_26/09/2013";"3260";"Versie 2.0";"Vegetatie";1;TRUE;"RapportageHR";0;0
"111";"TR147000.2_26/09/2013";"3260";"Versie 2.0";"Verstoring";1;TRUE;"RapportageHR";1;1
"112";"TR147000.2_26/09/2013";"3260";"Versie 3";"Structuur";1;TRUE;"RapportageHR";0,814328553966666;0,814328553966666
"113";"TR147000.2_26/09/2013";"3260";"Versie 3";"Vegetatie";1;TRUE;"RapportageHR";0;0
"114";"TR147000.2_26/09/2013";"3260";"Versie 3";"Verstoring";1;TRUE;"RapportageHR";0;0,333333333333333
"115";"TR147000.2_9/07/2008";"3260";"Versie 2.0";"Structuur";1;FALSE;"RapportageHR";0,811471359821428;0,811471359821428
"116";"TR147000.2_9/07/2008";"3260";"Versie 2.0";"Vegetatie";1;TRUE;"RapportageHR";0;0
"117";"TR147000.2_9/07/2008";"3260";"Versie 2.0";"Verstoring";1;TRUE;"RapportageHR";1;1
"118";"TR147000.2_9/07/2008";"3260";"Versie 3";"Structuur";1;TRUE;"RapportageHR";0,560099839583333;0,560099839583333
"119";"TR147000.2_9/07/2008";"3260";"Versie 3";"Vegetatie";1;TRUE;"RapportageHR";0;0
"120";"TR147000.2_9/07/2008";"3260";"Versie 3";"Verstoring";1;TRUE;"RapportageHR";0;0,333333333333333
"121";"TR152500.1_13/09/2017";"3260";"Versie 2.0";"Structuur";1;FALSE;"RapportageHR";0,9403788157494;0,9403788157494
"122";"TR152500.1_13/09/2017";"3260";"Versie 2.0";"Vegetatie";1;FALSE;"RapportageHR";-1;-1
"123";"TR152500.1_13/09/2017";"3260";"Versie 2.0";"Verstoring";1;TRUE;"RapportageHR";1;1
"124";"TR152500.1_13/09/2017";"3260";"Versie 3";"Structuur";1;TRUE;"RapportageHR";0,860883903415267;0,860883903415267
"125";"TR152500.1_13/09/2017";"3260";"Versie 3";"Vegetatie";1;FALSE;"RapportageHR";-1;-1
"126";"TR152500.1_13/09/2017";"3260";"Versie 3";"Verstoring";1;TRUE;"RapportageHR";0;0,333333333333333
"127";"TR152500.1_25/07/2008";"3260";"Versie 2.0";"Structuur";1;FALSE;"RapportageHR";1;1
"128";"TR152500.1_25/07/2008";"3260";"Versie 2.0";"Vegetatie";1;FALSE;"RapportageHR";-1;-1
"129";"TR152500.1_25/07/2008";"3260";"Versie 2.0";"Verstoring";1;TRUE;"RapportageHR";1;1
"130";"TR152500.1_25/07/2008";"3260";"Versie 3";"Structuur";1;TRUE;"RapportageHR";1;1
"131";"TR152500.1_25/07/2008";"3260";"Versie 3";"Vegetatie";1;FALSE;"RapportageHR";-1;-1
"132";"TR152500.1_25/07/2008";"3260";"Versie 3";"Verstoring";1;TRUE;"RapportageHR";0;0,333333333333333
"133";"TR152500.1_25/07/2011";"3260";"Versie 2.0";"Structuur";1;TRUE;"RapportageHR";0,953838746882006;0,953838746882006
"134";"TR152500.1_25/07/2011";"3260";"Versie 2.0";"Vegetatie";1;FALSE;"RapportageHR";-1;-1
"135";"TR152500.1_25/07/2011";"3260";"Versie 2.0";"Verstoring";1;TRUE;"RapportageHR";0,929067666666667;0,963893554730499
"136";"TR152500.1_25/07/2011";"3260";"Versie 3";"Structuur";1;TRUE;"RapportageHR";0,892290409391347;0,892290409391347
"137";"TR152500.1_25/07/2011";"3260";"Versie 3";"Vegetatie";1;FALSE;"RapportageHR";-1;-1
"138";"TR152500.1_25/07/2011";"3260";"Versie 3";"Verstoring";1;TRUE;"RapportageHR";0;0,317188871134535
"139";"TR152500.1_27/08/2013";"3260";"Versie 2.0";"Structuur";1;FALSE;"RapportageHR";1;1
"140";"TR152500.1_27/08/2013";"3260";"Versie 2.0";"Vegetatie";1;FALSE;"RapportageHR";-1;-1
"141";"TR152500.1_27/08/2013";"3260";"Versie 2.0";"Verstoring";1;TRUE;"RapportageHR";1;1
"142";"TR152500.1_27/08/2013";"3260";"Versie 3";"Structuur";1;TRUE;"RapportageHR";1;1
"143";"TR152500.1_27/08/2013";"3260";"Versie 3";"Vegetatie";1;FALSE;"RapportageHR";-1;-1
"144";"TR152500.1_27/08/2013";"3260";"Versie 3";"Verstoring";1;TRUE;"RapportageHR";0;0,333333333333333
"145";"TR152500.2_13/09/2017";"3260";"Versie 2.0";"Structuur";1;FALSE;"RapportageHR";0,893274289161951;0,893274289161951
"146";"TR152500.2_13/09/2017";"3260";"Versie 2.0";"Vegetatie";1;FALSE;"RapportageHR";-1;-1
"147";"TR152500.2_13/09/2017";"3260";"Versie 2.0";"Verstoring";1;TRUE;"RapportageHR";1;1
"148";"TR152500.2_13/09/2017";"3260";"Versie 3";"Structuur";1;TRUE;"RapportageHR";0,750973341377887;0,750973341377887
"149";"TR152500.2_13/09/2017";"3260";"Versie 3";"Vegetatie";1;FALSE;"RapportageHR";-1;-1
"150";"TR152500.2_13/09/2017";"3260";"Versie 3";"Verstoring";1;TRUE;"RapportageHR";0;0,333333333333333
"151";"TR152500.2_24/07/2008";"3260";"Versie 2.0";"Structuur";1;FALSE;"RapportageHR";0,906719977394571;0,906719977394571
"152";"TR152500.2_24/07/2008";"3260";"Versie 2.0";"Vegetatie";1;TRUE;"RapportageHR";0;0
"153";"TR152500.2_24/07/2008";"3260";"Versie 2.0";"Verstoring";1;TRUE;"RapportageHR";0,930668333333333;0,964722708309571
"154";"TR152500.2_24/07/2008";"3260";"Versie 3";"Structuur";1;TRUE;"RapportageHR";0,782346613920666;0,782346613920666
"155";"TR152500.2_24/07/2008";"3260";"Versie 3";"Vegetatie";1;TRUE;"RapportageHR";0;0
"156";"TR152500.2_24/07/2008";"3260";"Versie 3";"Verstoring";1;TRUE;"RapportageHR";0;0,31756180757404
"157";"TR152500.2_25/07/2011";"3260";"Versie 2.0";"Structuur";1;TRUE;"RapportageHR";0,78546559408625;0,78546559408625
"158";"TR152500.2_25/07/2011";"3260";"Versie 2.0";"Vegetatie";1;TRUE;"RapportageHR";0;0
"159";"TR152500.2_25/07/2011";"3260";"Versie 2.0";"Verstoring";1;TRUE;"RapportageHR";0,883333333333333;0,939914163090128
"160";"TR152500.2_25/07/2011";"3260";"Versie 3";"Structuur";1;TRUE;"RapportageHR";0,499419719534583;0,499419719534583
"161";"TR152500.2_25/07/2011";"3260";"Versie 3";"Vegetatie";1;TRUE;"RapportageHR";0;0
"162";"TR152500.2_25/07/2011";"3260";"Versie 3";"Verstoring";1;TRUE;"RapportageHR";0;0,30635838150289
"163";"TR152500.2_27/08/2013";"3260";"Versie 2.0";"Structuur";1;FALSE;"RapportageHR";0,860286950233939;0,860286950233939
"164";"TR152500.2_27/08/2013";"3260";"Versie 2.0";"Vegetatie";1;TRUE;"RapportageHR";0;0
"165";"TR152500.2_27/08/2013";"3260";"Versie 2.0";"Verstoring";1;TRUE;"RapportageHR";0,883333333333333;0,939914163090128
"166";"TR152500.2_27/08/2013";"3260";"Versie 3";"Structuur";1;TRUE;"RapportageHR";0,67400288387919;0,67400288387919
"167";"TR152500.2_27/08/2013";"3260";"Versie 3";"Vegetatie";1;TRUE;"RapportageHR";0;0
"168";"TR152500.2_27/08/2013";"3260";"Versie 3";"Verstoring";1;TRUE;"RapportageHR";0;0,30635838150289
"169";"TR152500.3_13/09/2017";"3260";"Versie 2.0";"Structuur";1;FALSE;"RapportageHR";0,941695825715;0,941695825715
"170";"TR152500.3_13/09/2017";"3260";"Versie 2.0";"Vegetatie";1;TRUE;"RapportageHR";0;0
"171";"TR152500.3_13/09/2017";"3260";"Versie 2.0";"Verstoring";1;TRUE;"RapportageHR";1;1
"172";"TR152500.3_13/09/2017";"3260";"Versie 3";"Structuur";1;TRUE;"RapportageHR";0,863956926668333;0,863956926668333
"173";"TR152500.3_13/09/2017";"3260";"Versie 3";"Vegetatie";1;FALSE;"RapportageHR";-0,5;-0,5
"174";"TR152500.3_13/09/2017";"3260";"Versie 3";"Verstoring";1;TRUE;"RapportageHR";0;0,333333333333333
"175";"TR152500.3_24/07/2008";"3260";"Versie 2.0";"Structuur";1;FALSE;"RapportageHR";0,969600428571429;0,969600428571429
"176";"TR152500.3_24/07/2008";"3260";"Versie 2.0";"Vegetatie";1;TRUE;"RapportageHR";0;0
"177";"TR152500.3_24/07/2008";"3260";"Versie 2.0";"Verstoring";1;TRUE;"RapportageHR";1;1
"178";"TR152500.3_24/07/2008";"3260";"Versie 3";"Structuur";1;TRUE;"RapportageHR";0,929067666666667;0,929067666666667
"179";"TR152500.3_24/07/2008";"3260";"Versie 3";"Vegetatie";1;TRUE;"RapportageHR";0;0
"180";"TR152500.3_24/07/2008";"3260";"Versie 3";"Verstoring";1;TRUE;"RapportageHR";0;0,333333333333333
"181";"TR152500.3_25/07/2011";"3260";"Versie 2.0";"Structuur";1;FALSE;"RapportageHR";0,920426523128571;0,920426523128571
"182";"TR152500.3_25/07/2011";"3260";"Versie 2.0";"Vegetatie";1;TRUE;"RapportageHR";0;0
"183";"TR152500.3_25/07/2011";"3260";"Versie 2.0";"Verstoring";1;TRUE;"RapportageHR";1;1
"184";"TR152500.3_25/07/2011";"3260";"Versie 3";"Structuur";1;TRUE;"RapportageHR";0,814328553966666;0,814328553966666
"185";"TR152500.3_25/07/2011";"3260";"Versie 3";"Vegetatie";1;FALSE;"RapportageHR";-0,5;-0,5
"186";"TR152500.3_25/07/2011";"3260";"Versie 3";"Verstoring";1;TRUE;"RapportageHR";0;0,333333333333333
"187";"TR152500.3_27/08/2013";"3260";"Versie 2.0";"Structuur";1;FALSE;"RapportageHR";0,935728571428571;0,935728571428571
"188";"TR152500.3_27/08/2013";"3260";"Versie 2.0";"Vegetatie";1;TRUE;"RapportageHR";0;0
"189";"TR152500.3_27/08/2013";"3260";"Versie 2.0";"Verstoring";1;TRUE;"RapportageHR";1;1
"190";"TR152500.3_27/08/2013";"3260";"Versie 3";"Structuur";1;TRUE;"RapportageHR";0,850033333333333;0,850033333333333
"191";"TR152500.3_27/08/2013";"3260";"Versie 3";"Vegetatie";1;FALSE;"RapportageHR";-0,5;-0,5
"192";"TR152500.3_27/08/2013";"3260";"Versie 3";"Verstoring";1;TRUE;"RapportageHR";0;0,333333333333333
"193";"TR190870.1_19/08/2010";"3260";"Versie 2.0";"Structuur";1;TRUE;"RapportageHR";0,887707833322664;0,887707833322664
"194";"TR190870.1_19/08/2010";"3260";"Versie 2.0";"Vegetatie";1;FALSE;"RapportageHR";-1;-1
"195";"TR190870.1_19/08/2010";"3260";"Versie 2.0";"Verstoring";1;TRUE;"RapportageHR";0,961734966666667;0,978227650560607
"196";"TR190870.1_19/08/2010";"3260";"Versie 3";"Structuur";1;TRUE;"RapportageHR";0,737984944419549;0,737984944419549
"197";"TR190870.1_19/08/2010";"3260";"Versie 3";"Vegetatie";1;FALSE;"RapportageHR";-1;-1
"198";"TR190870.1_19/08/2010";"3260";"Versie 3";"Verstoring";1;FALSE;"RapportageHR";5e-04;0,325158777906533
"199";"TR190870.1_30/07/2013";"3260";"Versie 2.0";"Structuur";1;TRUE;"RapportageHR";0,933072558769236;0,933072558769236
"200";"TR190870.1_30/07/2013";"3260";"Versie 2.0";"Vegetatie";1;TRUE;"RapportageHR";0;0
"201";"TR190870.1_30/07/2013";"3260";"Versie 2.0";"Verstoring";1;TRUE;"RapportageHR";0,998333333333333;0,999166319299708
"202";"TR190870.1_30/07/2013";"3260";"Versie 3";"Structuur";1;TRUE;"RapportageHR";0,843835970461552;0,843835970461552
"203";"TR190870.1_30/07/2013";"3260";"Versie 3";"Vegetatie";1;FALSE;"RapportageHR";-0,5;-0,5
"204";"TR190870.1_30/07/2013";"3260";"Versie 3";"Verstoring";1;TRUE;"RapportageHR";0;0,332962757087271
"205";"TR262200.1_12/09/2007";"3260";"Versie 2.0";"Structuur";1;FALSE;"RapportageHR";0,695815558928571;0,695815558928571
"206";"TR262200.1_12/09/2007";"3260";"Versie 2.0";"Vegetatie";1;TRUE;"RapportageHR";0;0
"207";"TR262200.1_12/09/2007";"3260";"Versie 2.0";"Verstoring";1;FALSE;"RapportageHR";-0,583333333333333;-0,53125
"208";"TR262200.1_12/09/2007";"3260";"Versie 3";"Structuur";1;FALSE;"RapportageHR";0,290236304166666;0,290236304166666
"209";"TR262200.1_12/09/2007";"3260";"Versie 3";"Vegetatie";1;FALSE;"RapportageHR";-0,5;-0,5
"210";"TR262200.1_12/09/2007";"3260";"Versie 3";"Verstoring";1;FALSE;"RapportageHR";-0,464285714285714;-0,194214876033058
"211";"TR262200.1_15/07/2010";"3260";"Versie 2.0";"Structuur";1;TRUE;"RapportageHR";0,60236102544692;0,60236102544692
"212";"TR262200.1_15/07/2010";"3260";"Versie 2.0";"Vegetatie";1;TRUE;"RapportageHR";0;0
"213";"TR262200.1_15/07/2010";"3260";"Versie 2.0";"Verstoring";1;FALSE;"RapportageHR";-0,861111111111111;-0,847335673312336
"214";"TR262200.1_15/07/2010";"3260";"Versie 3";"Structuur";1;FALSE;"RapportageHR";0,0721757260428128;0,0721757260428129
"215";"TR262200.1_15/07/2010";"3260";"Versie 3";"Vegetatie";1;TRUE;"RapportageHR";0;0
"216";"TR262200.1_15/07/2010";"3260";"Versie 3";"Verstoring";1;FALSE;"RapportageHR";-0,830526785714286;-0,689149973141877
"217";"TR262200.1_17/08/2016";"3260";"Versie 2.0";"Structuur";1;FALSE;"RapportageHR";-0,203616353882694;-0,203616353882694
"218";"TR262200.1_17/08/2016";"3260";"Versie 2.0";"Vegetatie";1;FALSE;"RapportageHR";-1;-1
"219";"TR262200.1_17/08/2016";"3260";"Versie 2.0";"Verstoring";1;TRUE;"RapportageHR";0,5501;0,673127911452054
"220";"TR262200.1_17/08/2016";"3260";"Versie 3";"Structuur";1;FALSE;"RapportageHR";-0,658692723092583;-0,658692723092583
"221";"TR262200.1_17/08/2016";"3260";"Versie 3";"Vegetatie";1;FALSE;"RapportageHR";-1;-1
"222";"TR262200.1_17/08/2016";"3260";"Versie 3";"Verstoring";1;FALSE;"RapportageHR";0,04499;0,326969932322589
"223";"TR262200.1_22/07/2013";"3260";"Versie 2.0";"Structuur";1;FALSE;"RapportageHR";-0,0695157841525888;-0,0695157841525889
"224";"TR262200.1_22/07/2013";"3260";"Versie 2.0";"Vegetatie";1;TRUE;"RapportageHR";0;0
"225";"TR262200.1_22/07/2013";"3260";"Versie 2.0";"Verstoring";1;FALSE;"RapportageHR";-0,642946428571429;-0,615436396507289
"226";"TR262200.1_22/07/2013";"3260";"Versie 3";"Structuur";1;FALSE;"RapportageHR";-0,60122105035111;-0,60122105035111
"227";"TR262200.1_22/07/2013";"3260";"Versie 3";"Vegetatie";1;TRUE;"RapportageHR";0;0
"228";"TR262200.1_22/07/2013";"3260";"Versie 3";"Verstoring";1;FALSE;"RapportageHR";-0,642946428571429;-0,414534438488221
"229";"TR262200.2_15/07/2010";"3260";"Versie 2.0";"Structuur";1;TRUE;"RapportageHR";0,702253699168746;0,702253699168746
"230";"TR262200.2_15/07/2010";"3260";"Versie 2.0";"Vegetatie";1;TRUE;"RapportageHR";0;0
"231";"TR262200.2_15/07/2010";"3260";"Versie 2.0";"Verstoring";1;TRUE;"RapportageHR";0,965;0,98234552332913
"232";"TR262200.2_15/07/2010";"3260";"Versie 3";"Structuur";1;FALSE;"RapportageHR";0,305258631393741;0,305258631393741
"233";"TR262200.2_15/07/2010";"3260";"Versie 3";"Vegetatie";1;TRUE;"RapportageHR";0;0
"234";"TR262200.2_15/07/2010";"3260";"Versie 3";"Verstoring";1;TRUE;"RapportageHR";0;0,325463743676222
"235";"TR262200.2_22/07/2013";"3260";"Versie 2.0";"Structuur";1;TRUE;"RapportageHR";0,762648055843332;0,762648055843332
"236";"TR262200.2_22/07/2013";"3260";"Versie 2.0";"Vegetatie";1;TRUE;"RapportageHR";0;0
"237";"TR262200.2_22/07/2013";"3260";"Versie 2.0";"Verstoring";1;TRUE;"RapportageHR";0,995;0,996665275459099
"238";"TR262200.2_22/07/2013";"3260";"Versie 3";"Structuur";1;TRUE;"RapportageHR";0,446178796967775;0,446178796967775
"239";"TR262200.2_22/07/2013";"3260";"Versie 3";"Vegetatie";1;TRUE;"RapportageHR";0;0
"240";"TR262200.2_22/07/2013";"3260";"Versie 3";"Verstoring";1;FALSE;"RapportageHR";5e-04;0,33340688045351
"241";"TR274000.1_18/07/2013";"3260";"Versie 2.0";"Structuur";1;TRUE;"RapportageHR";0,514571137674474;0,514571137674474
"242";"TR274000.1_18/07/2013";"3260";"Versie 2.0";"Vegetatie";1;FALSE;"RapportageHR";-1;-1
"243";"TR274000.1_18/07/2013";"3260";"Versie 2.0";"Verstoring";1;FALSE;"RapportageHR";0,380531666666666;0,503285562104339
"244";"TR274000.1_18/07/2013";"3260";"Versie 3";"Structuur";1;FALSE;"RapportageHR";-0,0568574337540973;-0,0568574337540972
"245";"TR274000.1_18/07/2013";"3260";"Versie 3";"Vegetatie";1;FALSE;"RapportageHR";-1;-1
"246";"TR274000.1_18/07/2013";"3260";"Versie 3";"Verstoring";1;FALSE;"RapportageHR";0,035;0,183052405992055
"247";"TR274000.1_6/08/2007";"3260";"Versie 2.0";"Structuur";1;TRUE;"RapportageHR";0,603179317224645;0,603179317224645
"248";"TR274000.1_6/08/2007";"3260";"Versie 2.0";"Vegetatie";1;TRUE;"RapportageHR";0;0
"249";"TR274000.1_6/08/2007";"3260";"Versie 2.0";"Verstoring";1;FALSE;"RapportageHR";0,290236304166666;0,567023610172496
"250";"TR274000.1_6/08/2007";"3260";"Versie 3";"Structuur";1;FALSE;"RapportageHR";0,0740850735241723;0,0740850735241723
"251";"TR274000.1_6/08/2007";"3260";"Versie 3";"Vegetatie";1;TRUE;"RapportageHR";0;0
"252";"TR274000.1_6/08/2007";"3260";"Versie 3";"Verstoring";1;FALSE;"RapportageHR";5e-04;0,127044976735855
"253";"TR274000.1_8/07/2010";"3260";"Versie 2.0";"Structuur";1;TRUE;"RapportageHR";0,307944067429821;0,307944067429821
"254";"TR274000.1_8/07/2010";"3260";"Versie 2.0";"Vegetatie";1;TRUE;"RapportageHR";0;0
"255";"TR274000.1_8/07/2010";"3260";"Versie 2.0";"Verstoring";1;FALSE;"RapportageHR";-0,0261447400000002;0,261924559555514
"256";"TR274000.1_8/07/2010";"3260";"Versie 3";"Structuur";1;FALSE;"RapportageHR";-0,26348450399875;-0,26348450399875
"257";"TR274000.1_8/07/2010";"3260";"Versie 3";"Vegetatie";1;TRUE;"RapportageHR";0;0
"258";"TR274000.1_8/07/2010";"3260";"Versie 3";"Verstoring";1;FALSE;"RapportageHR";-0,0261447400000002;-0,00322503681752917
"259";"TR274000.2_18/07/2013";"3260";"Versie 2.0";"Structuur";1;FALSE;"RapportageHR";0,0162642137035604;0,0162642137035605
"260";"TR274000.2_18/07/2013";"3260";"Versie 2.0";"Vegetatie";1;TRUE;"RapportageHR";0;0
"261";"TR274000.2_18/07/2013";"3260";"Versie 2.0";"Verstoring";1;FALSE;"RapportageHR";-0,235096026785714;0,0890718163574178
"262";"TR274000.2_18/07/2013";"3260";"Versie 3";"Structuur";1;FALSE;"RapportageHR";-0,555164357725011;-0,555164357725011
"263";"TR274000.2_18/07/2013";"3260";"Versie 3";"Vegetatie";1;TRUE;"RapportageHR";0;0
"264";"TR274000.2_18/07/2013";"3260";"Versie 3";"Verstoring";1;FALSE;"RapportageHR";-0,235096026785714;-0,129103111397743
"265";"TR274000.2_4/06/2010";"3260";"Versie 2.0";"Structuur";1;TRUE;"RapportageHR";0,702338080543232;0,702338080543232
"266";"TR274000.2_4/06/2010";"3260";"Versie 2.0";"Vegetatie";1;TRUE;"RapportageHR";0,0357142857142857;0,0357142857142856
"267";"TR274000.2_4/06/2010";"3260";"Versie 2.0";"Verstoring";1;FALSE;"RapportageHR";0,330230821281666;0,594565041758252
"268";"TR274000.2_4/06/2010";"3260";"Versie 3";"Structuur";1;FALSE;"RapportageHR";0,305455521267542;0,305455521267542
"269";"TR274000.2_4/06/2010";"3260";"Versie 3";"Vegetatie";1;TRUE;"RapportageHR";0;0
"270";"TR274000.2_4/06/2010";"3260";"Versie 3";"Verstoring";1;FALSE;"RapportageHR";0,000999499999999987;0,142367079590378
"271";"TR274000.2_7/08/2007";"3260";"Versie 2.0";"Structuur";1;TRUE;"RapportageHR";0,707181309786359;0,707181309786359
"272";"TR274000.2_7/08/2007";"3260";"Versie 2.0";"Vegetatie";1;TRUE;"RapportageHR";0;0
"273";"TR274000.2_7/08/2007";"3260";"Versie 2.0";"Verstoring";1;FALSE;"RapportageHR";-0,0865513392857144;-0,0713120033640258
"274";"TR274000.2_7/08/2007";"3260";"Versie 3";"Structuur";1;TRUE;"RapportageHR";0,316756389501504;0,316756389501504
"275";"TR274000.2_7/08/2007";"3260";"Versie 3";"Vegetatie";1;TRUE;"RapportageHR";0;0
"276";"TR274000.2_7/08/2007";"3260";"Versie 3";"Verstoring";1;FALSE;"RapportageHR";-0,0865513392857144;0,0181653460259079
"277";"TR274000.2_8/07/2010";"3260";"Versie 2.0";"Structuur";1;FALSE;"RapportageHR";0,0351972706260102;0,0351972706260102
"278";"TR274000.2_8/07/2010";"3260";"Versie 2.0";"Vegetatie";1;TRUE;"RapportageHR";0;0
"279";"TR274000.2_8/07/2010";"3260";"Versie 2.0";"Verstoring";1;FALSE;"RapportageHR";-0,144130077925893;0,158455912641847
"280";"TR274000.2_8/07/2010";"3260";"Versie 3";"Structuur";1;FALSE;"RapportageHR";-0,536231300802561;-0,536231300802561
"281";"TR274000.2_8/07/2010";"3260";"Versie 3";"Vegetatie";1;TRUE;"RapportageHR";0;0
"282";"TR274000.2_8/07/2010";"3260";"Versie 3";"Verstoring";1;FALSE;"RapportageHR";-0,144130077925893;-0,0689126404023783
"283";"TR274000.3_17/06/2010";"3260";"Versie 2.0";"Structuur";1;FALSE;"RapportageHR";0,218853409630962;0,218853409630962
"284";"TR274000.3_17/06/2010";"3260";"Versie 2.0";"Vegetatie";1;TRUE;"RapportageHR";0;0
"285";"TR274000.3_17/06/2010";"3260";"Versie 2.0";"Verstoring";1;TRUE;"RapportageHR";0,419392944906667;0,656948882455149
"286";"TR274000.3_17/06/2010";"3260";"Versie 3";"Structuur";1;FALSE;"RapportageHR";-0,35257516179761;-0,35257516179761
"287";"TR274000.3_17/06/2010";"3260";"Versie 3";"Vegetatie";1;TRUE;"RapportageHR";0;0
"288";"TR274000.3_17/06/2010";"3260";"Versie 3";"Verstoring";1;FALSE;"RapportageHR";0,000999499999999987;0,174034096119391
"289";"TR274000.3_18/07/2013";"3260";"Versie 2.0";"Structuur";1;FALSE;"RapportageHR";-0,0426146603433231;-0,0426146603433231
"290";"TR274000.3_18/07/2013";"3260";"Versie 2.0";"Vegetatie";1;TRUE;"RapportageHR";0;0
"291";"TR274000.3_18/07/2013";"3260";"Versie 2.0";"Verstoring";1;TRUE;"RapportageHR";0,8173683;0,904315389217226
"292";"TR274000.3_18/07/2013";"3260";"Versie 3";"Structuur";1;FALSE;"RapportageHR";-0,589691997289996;-0,589691997289996
"293";"TR274000.3_18/07/2013";"3260";"Versie 3";"Vegetatie";1;TRUE;"RapportageHR";0;0
"294";"TR274000.3_18/07/2013";"3260";"Versie 3";"Verstoring";1;TRUE;"RapportageHR";0;0,290117660513182
"295";"TR274000.3_23/08/2016";"3260";"Versie 2.0";"Structuur";1;FALSE;"RapportageHR";0,582980400784529;0,582980400784529
"296";"TR274000.3_23/08/2016";"3260";"Versie 2.0";"Vegetatie";1;FALSE;"RapportageHR";-1;-1
"297";"TR274000.3_23/08/2016";"3260";"Versie 2.0";"Verstoring";1;TRUE;"RapportageHR";0,965;0,98234552332913
"298";"TR274000.3_23/08/2016";"3260";"Versie 3";"Structuur";1;FALSE;"RapportageHR";0,0269542684972339;0,0269542684972339
"299";"TR274000.3_23/08/2016";"3260";"Versie 3";"Vegetatie";1;FALSE;"RapportageHR";-1;-1
"300";"TR274000.3_23/08/2016";"3260";"Versie 3";"Verstoring";1;TRUE;"RapportageHR";0;0,325463743676222
"301";"TR274000.3_8/07/2010";"3260";"Versie 2.0";"Structuur";1;FALSE;"RapportageHR";-0,753504611978589;-0,753504611978589
"302";"TR274000.3_8/07/2010";"3260";"Versie 2.0";"Vegetatie";1;TRUE;"RapportageHR";0;0
"303";"TR274000.3_8/07/2010";"3260";"Versie 2.0";"Verstoring";1;FALSE;"RapportageHR";-0,144130077925893;0,158455912641847
"304";"TR274000.3_8/07/2010";"3260";"Versie 3";"Structuur";1;FALSE;"RapportageHR";-0,894359119419395;-0,894359119419395
"305";"TR274000.3_8/07/2010";"3260";"Versie 3";"Vegetatie";1;FALSE;"RapportageHR";-0,5;-0,5
"306";"TR274000.3_8/07/2010";"3260";"Versie 3";"Verstoring";1;FALSE;"RapportageHR";-0,144130077925893;-0,0689126404023783
"307";"TR276700.1_17/07/2013";"3260";"Versie 2.0";"Structuur";1;FALSE;"RapportageHR";0,0450015938232069;0,0450015938232069
"308";"TR276700.1_17/07/2013";"3260";"Versie 2.0";"Vegetatie";1;TRUE;"RapportageHR";0;0
"309";"TR276700.1_17/07/2013";"3260";"Versie 2.0";"Verstoring";1;FALSE;"RapportageHR";0,315425;0,463838235666051
"310";"TR276700.1_17/07/2013";"3260";"Versie 3";"Structuur";1;FALSE;"RapportageHR";-0,526426977605364;-0,526426977605364
"311";"TR276700.1_17/07/2013";"3260";"Versie 3";"Vegetatie";1;TRUE;"RapportageHR";0;0
"312";"TR276700.1_17/07/2013";"3260";"Versie 3";"Verstoring";1;FALSE;"RapportageHR";0,035;0,158483997574907
"313";"TR276700.1_23/08/2016";"3260";"Versie 2.0";"Structuur";1;FALSE;"RapportageHR";0,248604574061811;0,248604574061811
"314";"TR276700.1_23/08/2016";"3260";"Versie 2.0";"Vegetatie";1;TRUE;"RapportageHR";0;0
"315";"TR276700.1_23/08/2016";"3260";"Versie 2.0";"Verstoring";1;TRUE;"RapportageHR";0,469745340441666;0,653627108683293
"316";"TR276700.1_23/08/2016";"3260";"Versie 3";"Structuur";1;FALSE;"RapportageHR";-0,322823997366761;-0,322823997366761
"317";"TR276700.1_23/08/2016";"3260";"Versie 3";"Vegetatie";1;FALSE;"RapportageHR";-0,5;-0,5
"318";"TR276700.1_23/08/2016";"3260";"Versie 3";"Verstoring";1;FALSE;"RapportageHR";0,01099;0,1979495091714
"319";"TR276700.1_25/08/2010";"3260";"Versie 2.0";"Structuur";1;FALSE;"RapportageHR";-0,903697654328378;-0,903697654328378
"320";"TR276700.1_25/08/2010";"3260";"Versie 2.0";"Vegetatie";1;TRUE;"RapportageHR";0;0
"321";"TR276700.1_25/08/2010";"3260";"Versie 2.0";"Verstoring";1;FALSE;"RapportageHR";0,331348486781666;0,430430005913349
"322";"TR276700.1_25/08/2010";"3260";"Versie 3";"Structuur";1;FALSE;"RapportageHR";-0,958727566140734;-0,958727566140734
"323";"TR276700.1_25/08/2010";"3260";"Versie 3";"Vegetatie";1;FALSE;"RapportageHR";-0,5;-0,5
"324";"TR276700.1_25/08/2010";"3260";"Versie 3";"Verstoring";1;FALSE;"RapportageHR";0,0454555;0,171207727404765
"325";"TR276700.1_8/08/2007";"3260";"Versie 2.0";"Structuur";1;TRUE;"RapportageHR";0,581289443602004;0,581289443602004
"326";"TR276700.1_8/08/2007";"3260";"Versie 2.0";"Vegetatie";1;TRUE;"RapportageHR";0;0
"327";"TR276700.1_8/08/2007";"3260";"Versie 2.0";"Verstoring";1;TRUE;"RapportageHR";0,678245767066;0,733260797376785
"328";"TR276700.1_8/08/2007";"3260";"Versie 3";"Structuur";1;FALSE;"RapportageHR";0,0230087017380091;0,0230087017380092
"329";"TR276700.1_8/08/2007";"3260";"Versie 3";"Vegetatie";1;TRUE;"RapportageHR";0;0
"330";"TR276700.1_8/08/2007";"3260";"Versie 3";"Verstoring";1;FALSE;"RapportageHR";0,0207995;0,269450691177457
"331";"TR276700.2_17/07/2013";"3260";"Versie 2.0";"Structuur";1;TRUE;"RapportageHR";0,60397559547914;0,60397559547914
"332";"TR276700.2_17/07/2013";"3260";"Versie 2.0";"Vegetatie";1;TRUE;"RapportageHR";0;0
"333";"TR276700.2_17/07/2013";"3260";"Versie 2.0";"Verstoring";1;TRUE;"RapportageHR";0,420568258416666;0,584813927747505
"334";"TR276700.2_17/07/2013";"3260";"Versie 3";"Structuur";1;FALSE;"RapportageHR";0,0759430561179932;0,0759430561179932
"335";"TR276700.2_17/07/2013";"3260";"Versie 3";"Vegetatie";1;TRUE;"RapportageHR";0;0
"336";"TR276700.2_17/07/2013";"3260";"Versie 3";"Verstoring";1;FALSE;"RapportageHR";0,0207995;0,187953238841875
"337";"TR276700.2_23/08/2016";"3260";"Versie 2.0";"Structuur";1;TRUE;"RapportageHR";0,558979770654588;0,558979770654588
"338";"TR276700.2_23/08/2016";"3260";"Versie 2.0";"Vegetatie";1;FALSE;"RapportageHR";-1;-1
"339";"TR276700.2_23/08/2016";"3260";"Versie 2.0";"Verstoring";1;FALSE;"RapportageHR";0,378205330416666;0,459107464299082
"340";"TR276700.2_23/08/2016";"3260";"Versie 3";"Structuur";1;FALSE;"RapportageHR";-0,0124488007739829;-0,0124488007739829
"341";"TR276700.2_23/08/2016";"3260";"Versie 3";"Vegetatie";1;FALSE;"RapportageHR";-1;-1
"342";"TR276700.2_23/08/2016";"3260";"Versie 3";"Verstoring";1;FALSE;"RapportageHR";0,04499;0,188687325494696
"343";"TR276700.2_25/08/2010";"3260";"Versie 2.0";"Structuur";1;TRUE;"RapportageHR";0,627619063211001;0,627619063211001
"344";"TR276700.2_25/08/2010";"3260";"Versie 2.0";"Vegetatie";1;TRUE;"RapportageHR";0;0
"345";"TR276700.2_25/08/2010";"3260";"Versie 2.0";"Verstoring";1;FALSE;"RapportageHR";-0,064825;0,00506388897140497
"346";"TR276700.2_25/08/2010";"3260";"Versie 3";"Structuur";1;FALSE;"RapportageHR";0,131111147492336;0,131111147492336
"347";"TR276700.2_25/08/2010";"3260";"Versie 3";"Vegetatie";1;TRUE;"RapportageHR";0;0
"348";"TR276700.2_25/08/2010";"3260";"Versie 3";"Verstoring";1;FALSE;"RapportageHR";0,0862425854166665;0,121134556380103
"349";"TR276700.2_4/06/2010";"3260";"Versie 2.0";"Structuur";1;TRUE;"RapportageHR";0,741178856929819;0,741178856929819
"350";"TR276700.2_4/06/2010";"3260";"Versie 2.0";"Vegetatie";1;TRUE;"RapportageHR";0,0357142857142857;0,0357142857142856
"351";"TR276700.2_4/06/2010";"3260";"Versie 2.0";"Verstoring";1;TRUE;"RapportageHR";0,850033333333333;0,872246708974553
"352";"TR276700.2_4/06/2010";"3260";"Versie 3";"Structuur";1;TRUE;"RapportageHR";0,396083999502911;0,396083999502911
"353";"TR276700.2_4/06/2010";"3260";"Versie 3";"Vegetatie";1;TRUE;"RapportageHR";0,0357142857142857;0,0357142857142856
"354";"TR276700.2_4/06/2010";"3260";"Versie 3";"Verstoring";1;FALSE;"RapportageHR";0,0105;0,307070021907336
"355";"TR276700.2_8/08/2007";"3260";"Versie 2.0";"Structuur";1;FALSE;"RapportageHR";0,655596367685061;0,655596367685061
"356";"TR276700.2_8/08/2007";"3260";"Versie 2.0";"Vegetatie";1;TRUE;"RapportageHR";0;0
"357";"TR276700.2_8/08/2007";"3260";"Versie 2.0";"Verstoring";1;TRUE;"RapportageHR";0,5501;0,638833145489392
"358";"TR276700.2_8/08/2007";"3260";"Versie 3";"Structuur";1;FALSE;"RapportageHR";0,196391524598476;0,196391524598476
"359";"TR276700.2_8/08/2007";"3260";"Versie 3";"Vegetatie";1;TRUE;"RapportageHR";0;0
"360";"TR276700.2_8/08/2007";"3260";"Versie 3";"Verstoring";1;FALSE;"RapportageHR";0,04499;0,305305995752752
"361";"TR277000.1_1/08/2016";"3260";"Versie 2.0";"Structuur";1;FALSE;"RapportageHR";-0,208341447703493;-0,208341447703493
"362";"TR277000.1_1/08/2016";"3260";"Versie 2.0";"Vegetatie";1;TRUE;"RapportageHR";0;0
"363";"TR277000.1_1/08/2016";"3260";"Versie 2.0";"Verstoring";1;TRUE;"RapportageHR";0,895;0,928577636478303
"364";"TR277000.1_1/08/2016";"3260";"Versie 3";"Structuur";1;FALSE;"RapportageHR";-0,660717763301497;-0,660717763301497
"365";"TR277000.1_1/08/2016";"3260";"Versie 3";"Vegetatie";1;TRUE;"RapportageHR";0;0
"366";"TR277000.1_1/08/2016";"3260";"Versie 3";"Verstoring";1;FALSE;"RapportageHR";0,0105;0,334277719243185
"367";"TR277000.1_1/09/2008";"3260";"Versie 2.0";"Structuur";1;FALSE;"RapportageHR";0,123505335784821;0,123505335784821
"368";"TR277000.1_1/09/2008";"3260";"Versie 2.0";"Vegetatie";1;TRUE;"RapportageHR";0;0
"369";"TR277000.1_1/09/2008";"3260";"Versie 2.0";"Verstoring";1;FALSE;"RapportageHR";-0,0555555555555556;0,151067097105262
"370";"TR277000.1_1/09/2008";"3260";"Versie 3";"Structuur";1;FALSE;"RapportageHR";-0,44792323564375;-0,44792323564375
"371";"TR277000.1_1/09/2008";"3260";"Versie 3";"Vegetatie";1;TRUE;"RapportageHR";0;0
"372";"TR277000.1_1/09/2008";"3260";"Versie 3";"Verstoring";1;FALSE;"RapportageHR";0,15;0,291772815348941
"373";"TR277000.1_16/07/2013";"3260";"Versie 2.0";"Structuur";1;FALSE;"RapportageHR";0,00746411428787889;0,00746411428787885
"374";"TR277000.1_16/07/2013";"3260";"Versie 2.0";"Vegetatie";1;TRUE;"RapportageHR";0,0357142857142857;0,0357142857142856
"375";"TR277000.1_16/07/2013";"3260";"Versie 2.0";"Verstoring";1;TRUE;"RapportageHR";0,963366666666667;0,979056934257396
"376";"TR277000.1_16/07/2013";"3260";"Versie 3";"Structuur";1;FALSE;"RapportageHR";-0,563964457140693;-0,563964457140693
"377";"TR277000.1_16/07/2013";"3260";"Versie 3";"Vegetatie";1;TRUE;"RapportageHR";0,0357142857142857;0,0357142857142856
"378";"TR277000.1_16/07/2013";"3260";"Versie 3";"Verstoring";1;FALSE;"RapportageHR";5e-04;0,325530849340951
"379";"TR277000.1_22/09/2010";"3260";"Versie 2.0";"Structuur";1;TRUE;"RapportageHR";0,590786570716677;0,590786570716677
"380";"TR277000.1_22/09/2010";"3260";"Versie 2.0";"Vegetatie";1;TRUE;"RapportageHR";0;0
"381";"TR277000.1_22/09/2010";"3260";"Versie 2.0";"Verstoring";1;TRUE;"RapportageHR";0,8901;0,926036817065153
"382";"TR277000.1_22/09/2010";"3260";"Versie 3";"Structuur";1;FALSE;"RapportageHR";0,0451686650055788;0,0451686650055787
"383";"TR277000.1_22/09/2010";"3260";"Versie 3";"Vegetatie";1;TRUE;"RapportageHR";0;0
"384";"TR277000.1_22/09/2010";"3260";"Versie 3";"Verstoring";1;FALSE;"RapportageHR";0,01099;0,334704804288211
"385";"TR306500.1_1/08/2011";"3260";"Versie 2.0";"Structuur";1;FALSE;"RapportageHR";-0,603733455127495;-0,603733455127495
"386";"TR306500.1_1/08/2011";"3260";"Versie 2.0";"Vegetatie";1;FALSE;"RapportageHR";-1;-1
"387";"TR306500.1_1/08/2011";"3260";"Versie 2.0";"Verstoring";1;FALSE;"RapportageHR";0,378205330416666;0,630211839989961
"388";"TR306500.1_1/08/2011";"3260";"Versie 3";"Structuur";1;FALSE;"RapportageHR";-0,830171480768926;-0,830171480768926
"389";"TR306500.1_1/08/2011";"3260";"Versie 3";"Vegetatie";1;FALSE;"RapportageHR";-1;-1
"390";"TR306500.1_1/08/2011";"3260";"Versie 3";"Verstoring";1;FALSE;"RapportageHR";5e-04;0,159365487981935
"391";"TR306500.1_3/07/2017";"3260";"Versie 2.0";"Structuur";1;TRUE;"RapportageHR";0,485210440594851;0,485210440594851
"392";"TR306500.1_3/07/2017";"3260";"Versie 2.0";"Vegetatie";1;FALSE;"RapportageHR";-1;-1
"393";"TR306500.1_3/07/2017";"3260";"Versie 2.0";"Verstoring";1;TRUE;"RapportageHR";0,783835344366666;0,885743096112701
"394";"TR306500.1_3/07/2017";"3260";"Versie 3";"Structuur";1;FALSE;"RapportageHR";-0,0862181308337208;-0,0862181308337208
"395";"TR306500.1_3/07/2017";"3260";"Versie 3";"Vegetatie";1;FALSE;"RapportageHR";-1;-1
"396";"TR306500.1_3/07/2017";"3260";"Versie 3";"Verstoring";1;TRUE;"RapportageHR";0;0,281566704709323
"397";"TR306500.1_7/08/2008";"3260";"Versie 2.0";"Structuur";1;FALSE;"RapportageHR";-0,622116921889133;-0,622116921889133
"398";"TR306500.1_7/08/2008";"3260";"Versie 2.0";"Vegetatie";1;TRUE;"RapportageHR";0;0
"399";"TR306500.1_7/08/2008";"3260";"Versie 2.0";"Verstoring";1;TRUE;"RapportageHR";0,738341916666666;0,857848652044394
"400";"TR306500.1_7/08/2008";"3260";"Versie 3";"Structuur";1;FALSE;"RapportageHR";-0,838050109381057;-0,838050109381057
"401";"TR306500.1_7/08/2008";"3260";"Versie 3";"Vegetatie";1;FALSE;"RapportageHR";-0,5;-0,5
"402";"TR306500.1_7/08/2008";"3260";"Versie 3";"Verstoring";1;FALSE;"RapportageHR";5e-04;0,270033934446076
"403";"TR306500.2_1/08/2011";"3260";"Versie 2.0";"Structuur";1;FALSE;"RapportageHR";-0,133696183657661;-0,133696183657661
"404";"TR306500.2_1/08/2011";"3260";"Versie 2.0";"Vegetatie";1;TRUE;"RapportageHR";0;0
"405";"TR306500.2_1/08/2011";"3260";"Versie 2.0";"Verstoring";1;FALSE;"RapportageHR";-0,540395089285714;-0,252904780828308
"406";"TR306500.2_1/08/2011";"3260";"Versie 3";"Structuur";1;FALSE;"RapportageHR";-0,628726935853283;-0,628726935853283
"407";"TR306500.2_1/08/2011";"3260";"Versie 3";"Vegetatie";1;FALSE;"RapportageHR";-0,5;-0,5
"408";"TR306500.2_1/08/2011";"3260";"Versie 3";"Verstoring";1;FALSE;"RapportageHR";-0,540395089285714;-0,370134694027306
"409";"TR306500.2_1/08/2017";"3260";"Versie 2.0";"Structuur";1;FALSE;"RapportageHR";-0,000640512856067143;-0,000640512856067033
"410";"TR306500.2_1/08/2017";"3260";"Versie 2.0";"Vegetatie";1;FALSE;"RapportageHR";-1;-1
"411";"TR306500.2_1/08/2017";"3260";"Versie 2.0";"Verstoring";1;FALSE;"RapportageHR";-0,464464285714286;-0,155598758026957
"412";"TR306500.2_1/08/2017";"3260";"Versie 3";"Structuur";1;FALSE;"RapportageHR";-0,571703076938314;-0,571703076938314
"413";"TR306500.2_1/08/2017";"3260";"Versie 3";"Vegetatie";1;FALSE;"RapportageHR";-1;-1
"414";"TR306500.2_1/08/2017";"3260";"Versie 3";"Verstoring";1;FALSE;"RapportageHR";-0,464464285714286;-0,302355437234068
"415";"TR306500.2_7/08/2008";"3260";"Versie 2.0";"Structuur";1;TRUE;"RapportageHR";0,620841418186824;0,620841418186824
"416";"TR306500.2_7/08/2008";"3260";"Versie 2.0";"Vegetatie";1;FALSE;"RapportageHR";-1;-1
"417";"TR306500.2_7/08/2008";"3260";"Versie 2.0";"Verstoring";1;TRUE;"RapportageHR";0,49875;0,713469096105752
"418";"TR306500.2_7/08/2008";"3260";"Versie 3";"Structuur";1;FALSE;"RapportageHR";0,115296642435923;0,115296642435923
"419";"TR306500.2_7/08/2008";"3260";"Versie 3";"Vegetatie";1;FALSE;"RapportageHR";-1;-1
"420";"TR306500.2_7/08/2008";"3260";"Versie 3";"Verstoring";1;TRUE;"RapportageHR";0;0,19959979989995
"421";"TR306500.3_1/08/2011";"3260";"Versie 2.0";"Structuur";1;FALSE;"RapportageHR";0,0683909477198671;0,0683909477198672
"422";"TR306500.3_1/08/2011";"3260";"Versie 2.0";"Vegetatie";1;TRUE;"RapportageHR";0;0
"423";"TR306500.3_1/08/2011";"3260";"Versie 2.0";"Verstoring";1;FALSE;"RapportageHR";-0,419821428571429;-0,10106719367589
"424";"TR306500.3_1/08/2011";"3260";"Versie 3";"Structuur";1;FALSE;"RapportageHR";-0,503037623708704;-0,503037623708704
"425";"TR306500.3_1/08/2011";"3260";"Versie 3";"Vegetatie";1;TRUE;"RapportageHR";0;0
"426";"TR306500.3_1/08/2011";"3260";"Versie 3";"Verstoring";1;FALSE;"RapportageHR";-0,419821428571429;-0,265544973903613
"427";"TR306500.3_3/07/2017";"3260";"Versie 2.0";"Structuur";1;FALSE;"RapportageHR";-0,5554241914351;-0,5554241914351
"428";"TR306500.3_3/07/2017";"3260";"Versie 2.0";"Vegetatie";1;TRUE;"RapportageHR";0;0
"429";"TR306500.3_3/07/2017";"3260";"Versie 2.0";"Verstoring";1;FALSE;"RapportageHR";-0,472071071428572;-0,174201679755657
"430";"TR306500.3_3/07/2017";"3260";"Versie 3";"Structuur";1;FALSE;"RapportageHR";-0,809467510615043;-0,809467510615043
"431";"TR306500.3_3/07/2017";"3260";"Versie 3";"Vegetatie";1;TRUE;"RapportageHR";0;0
"432";"TR306500.3_3/07/2017";"3260";"Versie 3";"Verstoring";1;FALSE;"RapportageHR";-0,472071071428572;-0,306471462654039
"433";"TR333500.2_12/08/2009";"3260";"Versie 2.0";"Structuur";1;FALSE;"RapportageHR";0,0442839246753517;0,0442839246753517
"434";"TR333500.2_12/08/2009";"3260";"Versie 2.0";"Vegetatie";1;TRUE;"RapportageHR";0,0714285714285714;0,0714285714285714
"435";"TR333500.2_12/08/2009";"3260";"Versie 2.0";"Verstoring";1;TRUE;"RapportageHR";0,895;0,928577636478303
"436";"TR333500.2_12/08/2009";"3260";"Versie 3";"Structuur";1;FALSE;"RapportageHR";-0,52714464675322;-0,52714464675322
"437";"TR333500.2_12/08/2009";"3260";"Versie 3";"Vegetatie";1;TRUE;"RapportageHR";0,037037037037037;0,037037037037037
"438";"TR333500.2_12/08/2009";"3260";"Versie 3";"Verstoring";1;FALSE;"RapportageHR";0,0105;0,334277719243185
"439";"TR333500.2_20/09/2011";"3260";"Versie 2.0";"Structuur";1;TRUE;"RapportageHR";0,629925161851893;0,629925161851893
"440";"TR333500.2_20/09/2011";"3260";"Versie 2.0";"Vegetatie";1;TRUE;"RapportageHR";0;0
"441";"TR333500.2_20/09/2011";"3260";"Versie 2.0";"Verstoring";1;TRUE;"RapportageHR";0,850033333333333;0,872246708974553
"442";"TR333500.2_20/09/2011";"3260";"Versie 3";"Structuur";1;FALSE;"RapportageHR";0,136492044321084;0,136492044321084
"443";"TR333500.2_20/09/2011";"3260";"Versie 3";"Vegetatie";1;TRUE;"RapportageHR";0;0
"444";"TR333500.2_20/09/2011";"3260";"Versie 3";"Verstoring";1;FALSE;"RapportageHR";0,0105;0,307070021907336
"445";"TR333500.2_7/09/2017";"3260";"Versie 2.0";"Structuur";1;TRUE;"RapportageHR";0,717506394427329;0,717506394427329
"446";"TR333500.2_7/09/2017";"3260";"Versie 2.0";"Vegetatie";1;TRUE;"RapportageHR";0,0357142857142857;0,0357142857142856
"447";"TR333500.2_7/09/2017";"3260";"Versie 2.0";"Verstoring";1;TRUE;"RapportageHR";0,65;0,758271395200679
"448";"TR333500.2_7/09/2017";"3260";"Versie 3";"Structuur";1;FALSE;"RapportageHR";0,340848253663769;0,340848253663769
"449";"TR333500.2_7/09/2017";"3260";"Versie 3";"Vegetatie";1;TRUE;"RapportageHR";0;0
"450";"TR333500.2_7/09/2017";"3260";"Versie 3";"Verstoring";1;FALSE;"RapportageHR";0,035;0,335466700951401
"451";"TR333500.3_11/08/2009";"3260";"Versie 2.0";"Structuur";1;TRUE;"RapportageHR";0,555317902638906;0,555317902638906
"452";"TR333500.3_11/08/2009";"3260";"Versie 2.0";"Vegetatie";1;TRUE;"RapportageHR";0,0714285714285714;0,0714285714285714
"453";"TR333500.3_11/08/2009";"3260";"Versie 2.0";"Verstoring";1;TRUE;"RapportageHR";0,65;0,744300530471138
"454";"TR333500.3_11/08/2009";"3260";"Versie 3";"Structuur";1;FALSE;"RapportageHR";-0,0161106687896657;-0,0161106687896656
"455";"TR333500.3_11/08/2009";"3260";"Versie 3";"Vegetatie";1;TRUE;"RapportageHR";0,0714285714285714;0,0714285714285714
"456";"TR333500.3_11/08/2009";"3260";"Versie 3";"Verstoring";1;FALSE;"RapportageHR";0,035;0,327391595706577
"457";"TR333500.3_20/09/2011";"3260";"Versie 2.0";"Structuur";1;TRUE;"RapportageHR";0,447081403244033;0,447081403244033
"458";"TR333500.3_20/09/2011";"3260";"Versie 2.0";"Vegetatie";1;TRUE;"RapportageHR";0,0357142857142857;0,0357142857142856
"459";"TR333500.3_20/09/2011";"3260";"Versie 2.0";"Verstoring";1;TRUE;"RapportageHR";0,895;0,929365284974093
"460";"TR333500.3_20/09/2011";"3260";"Versie 3";"Structuur";1;FALSE;"RapportageHR";-0,124347168184538;-0,124347168184538
"461";"TR333500.3_20/09/2011";"3260";"Versie 3";"Vegetatie";1;TRUE;"RapportageHR";0;0
"462";"TR333500.3_20/09/2011";"3260";"Versie 3";"Verstoring";1;FALSE;"RapportageHR";0,0105;0,334654679885733
"463";"TR333500.3_7/09/2017";"3260";"Versie 2.0";"Structuur";1;FALSE;"RapportageHR";0,186179933270011;0,186179933270011
"464";"TR333500.3_7/09/2017";"3260";"Versie 2.0";"Vegetatie";1;TRUE;"RapportageHR";0;0
"465";"TR333500.3_7/09/2017";"3260";"Versie 2.0";"Verstoring";1;TRUE;"RapportageHR";0,8173683;0,855372447017178
"466";"TR333500.3_7/09/2017";"3260";"Versie 3";"Structuur";1;FALSE;"RapportageHR";-0,385248638158561;-0,385248638158561
"467";"TR333500.3_7/09/2017";"3260";"Versie 3";"Vegetatie";1;TRUE;"RapportageHR";0;0
"468";"TR333500.3_7/09/2017";"3260";"Versie 3";"Verstoring";1;FALSE;"RapportageHR";0,0105;0,298823334276211
"469";"TR335600.3_18/08/2014";"3260";"Versie 2.0";"Structuur";1;TRUE;"RapportageHR";0,513917230878862;0,513917230878862
"470";"TR335600.3_18/08/2014";"3260";"Versie 2.0";"Vegetatie";1;FALSE;"RapportageHR";-1;-1
"471";"TR335600.3_18/08/2014";"3260";"Versie 2.0";"Verstoring";1;TRUE;"RapportageHR";0,965;0,98234552332913
"472";"TR335600.3_18/08/2014";"3260";"Versie 3";"Structuur";1;FALSE;"RapportageHR";-0,057511340549709;-0,057511340549709
"473";"TR335600.3_18/08/2014";"3260";"Versie 3";"Vegetatie";1;FALSE;"RapportageHR";-1;-1
"474";"TR335600.3_18/08/2014";"3260";"Versie 3";"Verstoring";1;TRUE;"RapportageHR";0;0,325463743676222
"475";"TR335600.3_19/07/2012";"3260";"Versie 2.0";"Structuur";1;TRUE;"RapportageHR";0,52895238899335;0,52895238899335
"476";"TR335600.3_19/07/2012";"3260";"Versie 2.0";"Vegetatie";1;FALSE;"RapportageHR";-1;-1
"477";"TR335600.3_19/07/2012";"3260";"Versie 2.0";"Verstoring";1;TRUE;"RapportageHR";1;1
"478";"TR335600.3_19/07/2012";"3260";"Versie 3";"Structuur";1;FALSE;"RapportageHR";-0,0424761824352211;-0,0424761824352211
"479";"TR335600.3_19/07/2012";"3260";"Versie 3";"Vegetatie";1;FALSE;"RapportageHR";-1;-1
"480";"TR335600.3_19/07/2012";"3260";"Versie 3";"Verstoring";1;TRUE;"RapportageHR";0;0,333333333333333
"481";"TR335600.3_24/07/2017";"3260";"Versie 2.0";"Structuur";1;TRUE;"RapportageHR";0,560228093430975;0,560228093430975
"482";"TR335600.3_24/07/2017";"3260";"Versie 2.0";"Vegetatie";1;FALSE;"RapportageHR";-1;-1
"483";"TR335600.3_24/07/2017";"3260";"Versie 2.0";"Verstoring";1;TRUE;"RapportageHR";0,895;0,912667891144074
"484";"TR335600.3_24/07/2017";"3260";"Versie 3";"Structuur";1;FALSE;"RapportageHR";-0,0112004779975962;-0,0112004779975962
"485";"TR335600.3_24/07/2017";"3260";"Versie 3";"Vegetatie";1;FALSE;"RapportageHR";-1;-1
"486";"TR335600.3_24/07/2017";"3260";"Versie 3";"Verstoring";1;FALSE;"RapportageHR";0,0105;0,326643108945935
"487";"TR418000.1_1/06/2007";"3260";"Versie 2.0";"Structuur";1;FALSE;"RapportageHR";0,00263545325119709;0,00263545325119718
"488";"TR418000.1_1/06/2007";"3260";"Versie 2.0";"Vegetatie";1;FALSE;"RapportageHR";-1;-1
"489";"TR418000.1_1/06/2007";"3260";"Versie 2.0";"Verstoring";1;FALSE;"RapportageHR";-0,0487862732142858;0,103732063832862
"490";"TR418000.1_1/06/2007";"3260";"Versie 3";"Structuur";1;FALSE;"RapportageHR";-0,568793118177374;-0,568793118177374
"491";"TR418000.1_1/06/2007";"3260";"Versie 3";"Vegetatie";1;FALSE;"RapportageHR";-1;-1
"492";"TR418000.1_1/06/2007";"3260";"Versie 3";"Verstoring";1;FALSE;"RapportageHR";-0,0487862732142858;0,00647359320035101
"493";"TR418000.1_19/09/2016";"3260";"Versie 2.0";"Structuur";1;TRUE;"RapportageHR";0,952498886794846;0,952498886794846
"494";"TR418000.1_19/09/2016";"3260";"Versie 2.0";"Vegetatie";1;FALSE;"RapportageHR";-1;-1
"495";"TR418000.1_19/09/2016";"3260";"Versie 2.0";"Verstoring";1;TRUE;"RapportageHR";0,895;0,895995309459627
"496";"TR418000.1_19/09/2016";"3260";"Versie 3";"Structuur";1;TRUE;"RapportageHR";0,889164069187975;0,889164069187975
"497";"TR418000.1_19/09/2016";"3260";"Versie 3";"Vegetatie";1;FALSE;"RapportageHR";-1;-1
"498";"TR418000.1_19/09/2016";"3260";"Versie 3";"Verstoring";1;FALSE;"RapportageHR";0,0105;0,318600565950376
"499";"TR72000.2_28/06/2007";"3260";"Versie 2.0";"Structuur";1;TRUE;"RapportageHR";0,835546680187926;0,835546680187926
"500";"TR72000.2_28/06/2007";"3260";"Versie 2.0";"Vegetatie";1;FALSE;"RapportageHR";-1;-1
"501";"TR72000.2_28/06/2007";"3260";"Versie 2.0";"Verstoring";1;TRUE;"RapportageHR";0,896991665;0,947134434017323
"502";"TR72000.2_28/06/2007";"3260";"Versie 3";"Structuur";1;TRUE;"RapportageHR";0,61627558710516;0,61627558710516
"503";"TR72000.2_28/06/2007";"3260";"Versie 3";"Vegetatie";1;FALSE;"RapportageHR";-1;-1
"504";"TR72000.2_28/06/2007";"3260";"Versie 3";"Verstoring";1;TRUE;"RapportageHR";0;0,309628666121827
"505";"TR72000.2_30/08/2016";"3260";"Versie 2.0";"Structuur";1;TRUE;"RapportageHR";0,638320370943833;0,638320370943833
"506";"TR72000.2_30/08/2016";"3260";"Versie 2.0";"Vegetatie";1;TRUE;"RapportageHR";0;0
"507";"TR72000.2_30/08/2016";"3260";"Versie 2.0";"Verstoring";1;TRUE;"RapportageHR";0,65;0,707892797140347
"508";"TR72000.2_30/08/2016";"3260";"Versie 3";"Structuur";1;FALSE;"RapportageHR";0,156080865535611;0,156080865535611
"509";"TR72000.2_30/08/2016";"3260";"Versie 3";"Vegetatie";1;TRUE;"RapportageHR";0;0
"510";"TR72000.2_30/08/2016";"3260";"Versie 3";"Verstoring";1;FALSE;"RapportageHR";0,035;0,306202073978125
