"Schaal";"Periode";"TypeResultaat";"Versie";"Habitattype";"Habitatsubtype";"Criterium";"Indicator";"Belang";"SBZH";"nObs";"sumWeight";"AandeelGunstig";"AandeelGunstig_LLCI";"AandeelGunstig_ULCI"
"Vlaanderen";2;"Habitattype";"Versie 2.0";"91E0";"91E0_sf; 91E0_vc; 91E0_vm; 91E0_vo; 91E0_va; 91E0_vn";"Structuur";"aandeel dood hout";"b";"Binnen & Buiten";202;536,827861799649;80,55;72,86;86,46
"Vlaanderen";2;"SBZH";"Versie 2.0";"91E0";"91E0_sf; 91E0_vc; 91E0_vo; 91E0_vm; 91E0_va; 91E0_vn";"Structuur";"aandeel dood hout";"b";"Binnen";126;393,07381605635;88,5;80,78;93,38
"Vlaanderen";2;"SBZH";"Versie 2.0";"91E0";"91E0_sf; 91E0_vm; 91E0_vc; 91E0_vo; 91E0_vn; 91E0_va";"Structuur";"aandeel dood hout";"b";"Buiten";76;143,754045743298;58,78;32,02;81,2
"Vlaanderen";2;"Habitatsubtype";"Versie 2.0";"91E0";"91E0_sf";"Structuur";"aandeel dood hout";"b";"Binnen & Buiten";30;342,2;97,01;81,3;99,59
"Vlaanderen";2;"Habitatsubtype";"Versie 2.0";"91E0";"91E0_va";"Structuur";"aandeel dood hout";"b";"Binnen & Buiten";51;66,2011138962023;45,43;31,78;59,81
"Vlaanderen";2;"Habitatsubtype";"Versie 2.0";"91E0";"91E0_vc";"Structuur";"aandeel dood hout";"b";"Binnen & Buiten";25;23,9007329514447;57,5;36,43;76,15
"Vlaanderen";2;"Habitatsubtype";"Versie 2.0";"91E0";"91E0_vm";"Structuur";"aandeel dood hout";"b";"Binnen & Buiten";38;41,6171850506099;57,48;40,89;72,54
"Vlaanderen";2;"Habitatsubtype";"Versie 2.0";"91E0";"91E0_vn";"Structuur";"aandeel dood hout";"b";"Binnen & Buiten";39;43,0960588041952;58,39;41,68;73,37
"Vlaanderen";2;"Habitatsubtype";"Versie 2.0";"91E0";"91E0_vo";"Structuur";"aandeel dood hout";"b";"Binnen & Buiten";19;19,8127710971964;38,02;19,04;61,53
"Vlaanderen";2;"Habitattype";"Versie 3";"91E0";"91E0_sf; 91E0_vc; 91E0_vm; 91E0_vo; 91E0_va; 91E0_vn";"Structuur";"aandeel dood hout";"b";"Binnen & Buiten";202;536,827861799649;80,55;72,86;86,46
"Vlaanderen";2;"SBZH";"Versie 3";"91E0";"91E0_sf; 91E0_vc; 91E0_vo; 91E0_vm; 91E0_va; 91E0_vn";"Structuur";"aandeel dood hout";"b";"Binnen";126;393,07381605635;88,5;80,78;93,38
"Vlaanderen";2;"SBZH";"Versie 3";"91E0";"91E0_sf; 91E0_vm; 91E0_vc; 91E0_vo; 91E0_vn; 91E0_va";"Structuur";"aandeel dood hout";"b";"Buiten";76;143,754045743298;58,78;32,02;81,2
"Vlaanderen";2;"Habitatsubtype";"Versie 3";"91E0";"91E0_sf";"Structuur";"aandeel dood hout";"b";"Binnen & Buiten";30;342,2;97,01;81,3;99,59
"Vlaanderen";2;"Habitatsubtype";"Versie 3";"91E0";"91E0_va";"Structuur";"aandeel dood hout";"b";"Binnen & Buiten";51;66,2011138962023;45,43;31,78;59,81
"Vlaanderen";2;"Habitatsubtype";"Versie 3";"91E0";"91E0_vc";"Structuur";"aandeel dood hout";"b";"Binnen & Buiten";25;23,9007329514447;57,5;36,43;76,15
"Vlaanderen";2;"Habitatsubtype";"Versie 3";"91E0";"91E0_vm";"Structuur";"aandeel dood hout";"b";"Binnen & Buiten";38;41,6171850506099;57,48;40,89;72,54
"Vlaanderen";2;"Habitatsubtype";"Versie 3";"91E0";"91E0_vn";"Structuur";"aandeel dood hout";"b";"Binnen & Buiten";39;43,0960588041952;58,39;41,68;73,37
"Vlaanderen";2;"Habitatsubtype";"Versie 3";"91E0";"91E0_vo";"Structuur";"aandeel dood hout";"b";"Binnen & Buiten";19;19,8127710971964;38,02;19,04;61,53
"Vlaanderen";2;"Habitattype";"Versie 2.0";"91E0";"91E0_sf; 91E0_vc; 91E0_vm; 91E0_vo; 91E0_va; 91E0_vn";"Structuur";"hoeveelheid dik dood hout";"zb";"Binnen & Buiten";202;536,827861799649;36,13;24,63;49,47
"Vlaanderen";2;"SBZH";"Versie 2.0";"91E0";"91E0_sf; 91E0_vc; 91E0_vo; 91E0_vm; 91E0_va; 91E0_vn";"Structuur";"hoeveelheid dik dood hout";"zb";"Binnen";126;393,07381605635;46,81;33,24;60,86
"Vlaanderen";2;"SBZH";"Versie 2.0";"91E0";"91E0_sf; 91E0_vm; 91E0_vc; 91E0_vo; 91E0_vn; 91E0_va";"Structuur";"hoeveelheid dik dood hout";"zb";"Buiten";76;143,754045743298;6,93;2,69;16,71
"Vlaanderen";2;"Habitatsubtype";"Versie 2.0";"91E0";"91E0_sf";"Structuur";"hoeveelheid dik dood hout";"zb";"Binnen & Buiten";30;342,2;50,89;31,28;70,24
"Vlaanderen";2;"Habitatsubtype";"Versie 2.0";"91E0";"91E0_va";"Structuur";"hoeveelheid dik dood hout";"zb";"Binnen & Buiten";51;66,2011138962023;14;6,91;26,3
"Vlaanderen";2;"Habitatsubtype";"Versie 2.0";"91E0";"91E0_vc";"Structuur";"hoeveelheid dik dood hout";"zb";"Binnen & Buiten";25;23,9007329514447;5,73;0,81;31,25
"Vlaanderen";2;"Habitatsubtype";"Versie 2.0";"91E0";"91E0_vm";"Structuur";"hoeveelheid dik dood hout";"zb";"Binnen & Buiten";38;41,6171850506099;12,86;5,32;27,93
"Vlaanderen";2;"Habitatsubtype";"Versie 2.0";"91E0";"91E0_vn";"Structuur";"hoeveelheid dik dood hout";"zb";"Binnen & Buiten";39;43,0960588041952;8,82;3,28;21,62
"Vlaanderen";2;"Habitatsubtype";"Versie 2.0";"91E0";"91E0_vo";"Structuur";"hoeveelheid dik dood hout";"zb";"Binnen & Buiten";19;19,8127710971964;0;0;0
"Vlaanderen";2;"Habitattype";"Versie 3";"91E0";"91E0_sf; 91E0_vc; 91E0_vm; 91E0_vo; 91E0_va; 91E0_vn";"Structuur";"hoeveelheid dik dood hout";"zb";"Binnen & Buiten";202;536,827861799649;36,13;24,63;49,47
"Vlaanderen";2;"SBZH";"Versie 3";"91E0";"91E0_sf; 91E0_vc; 91E0_vo; 91E0_vm; 91E0_va; 91E0_vn";"Structuur";"hoeveelheid dik dood hout";"zb";"Binnen";126;393,07381605635;46,81;33,24;60,86
"Vlaanderen";2;"SBZH";"Versie 3";"91E0";"91E0_sf; 91E0_vm; 91E0_vc; 91E0_vo; 91E0_vn; 91E0_va";"Structuur";"hoeveelheid dik dood hout";"zb";"Buiten";76;143,754045743298;6,93;2,69;16,71
"Vlaanderen";2;"Habitatsubtype";"Versie 3";"91E0";"91E0_sf";"Structuur";"hoeveelheid dik dood hout";"zb";"Binnen & Buiten";30;342,2;50,89;31,28;70,24
"Vlaanderen";2;"Habitatsubtype";"Versie 3";"91E0";"91E0_va";"Structuur";"hoeveelheid dik dood hout";"zb";"Binnen & Buiten";51;66,2011138962023;14;6,91;26,3
"Vlaanderen";2;"Habitatsubtype";"Versie 3";"91E0";"91E0_vc";"Structuur";"hoeveelheid dik dood hout";"zb";"Binnen & Buiten";25;23,9007329514447;5,73;0,81;31,25
"Vlaanderen";2;"Habitatsubtype";"Versie 3";"91E0";"91E0_vm";"Structuur";"hoeveelheid dik dood hout";"zb";"Binnen & Buiten";38;41,6171850506099;12,86;5,32;27,93
"Vlaanderen";2;"Habitatsubtype";"Versie 3";"91E0";"91E0_vn";"Structuur";"hoeveelheid dik dood hout";"zb";"Binnen & Buiten";39;43,0960588041952;8,82;3,28;21,62
"Vlaanderen";2;"Habitatsubtype";"Versie 3";"91E0";"91E0_vo";"Structuur";"hoeveelheid dik dood hout";"zb";"Binnen & Buiten";19;19,8127710971964;0;0;0
"Vlaanderen";2;"Habitattype";"Versie 2.0";"91E0";"91E0_sf; 91E0_vc; 91E0_vm; 91E0_vo; 91E0_va; 91E0_vn";"Structuur";"horizontale structuur - groeiklassen";"b";"Binnen & Buiten";202;536,827861799649;96,66;89,67;98,98
"Vlaanderen";2;"SBZH";"Versie 2.0";"91E0";"91E0_sf; 91E0_vc; 91E0_vo; 91E0_vm; 91E0_va; 91E0_vn";"Structuur";"horizontale structuur - groeiklassen";"b";"Binnen";126;393,07381605635;96,21;86,12;99,04
"Vlaanderen";2;"SBZH";"Versie 2.0";"91E0";"91E0_sf; 91E0_vm; 91E0_vc; 91E0_vo; 91E0_vn; 91E0_va";"Structuur";"horizontale structuur - groeiklassen";"b";"Buiten";76;143,754045743298;97,92;90,39;99,58
"Vlaanderen";2;"Habitatsubtype";"Versie 2.0";"91E0";"91E0_sf";"Structuur";"horizontale structuur - groeiklassen";"b";"Binnen & Buiten";30;342,2;97,01;81,3;99,59
"Vlaanderen";2;"Habitatsubtype";"Versie 2.0";"91E0";"91E0_va";"Structuur";"horizontale structuur - groeiklassen";"b";"Binnen & Buiten";51;66,2011138962023;95,93;82,89;99,14
"Vlaanderen";2;"Habitatsubtype";"Versie 2.0";"91E0";"91E0_vc";"Structuur";"horizontale structuur - groeiklassen";"b";"Binnen & Buiten";25;23,9007329514447;100;100;100
"Vlaanderen";2;"Habitatsubtype";"Versie 2.0";"91E0";"91E0_vm";"Structuur";"horizontale structuur - groeiklassen";"b";"Binnen & Buiten";38;41,6171850506099;95,19;82,58;98,81
"Vlaanderen";2;"Habitatsubtype";"Versie 2.0";"91E0";"91E0_vn";"Structuur";"horizontale structuur - groeiklassen";"b";"Binnen & Buiten";39;43,0960588041952;97,75;85,53;99,69
"Vlaanderen";2;"Habitatsubtype";"Versie 2.0";"91E0";"91E0_vo";"Structuur";"horizontale structuur - groeiklassen";"b";"Binnen & Buiten";19;19,8127710971964;89,91;66,91;97,51
"Vlaanderen";2;"Habitattype";"Versie 3";"91E0";"91E0_sf; 91E0_vc; 91E0_vm; 91E0_vo; 91E0_va; 91E0_vn";"Structuur";"horizontale structuur - groeiklassen";"b";"Binnen & Buiten";202;536,827861799649;96,66;89,67;98,98
"Vlaanderen";2;"SBZH";"Versie 3";"91E0";"91E0_sf; 91E0_vc; 91E0_vo; 91E0_vm; 91E0_va; 91E0_vn";"Structuur";"horizontale structuur - groeiklassen";"b";"Binnen";126;393,07381605635;96,21;86,12;99,04
"Vlaanderen";2;"SBZH";"Versie 3";"91E0";"91E0_sf; 91E0_vm; 91E0_vc; 91E0_vo; 91E0_vn; 91E0_va";"Structuur";"horizontale structuur - groeiklassen";"b";"Buiten";76;143,754045743298;97,92;90,39;99,58
"Vlaanderen";2;"Habitatsubtype";"Versie 3";"91E0";"91E0_sf";"Structuur";"horizontale structuur - groeiklassen";"b";"Binnen & Buiten";30;342,2;97,01;81,3;99,59
"Vlaanderen";2;"Habitatsubtype";"Versie 3";"91E0";"91E0_va";"Structuur";"horizontale structuur - groeiklassen";"b";"Binnen & Buiten";51;66,2011138962023;95,93;82,89;99,14
"Vlaanderen";2;"Habitatsubtype";"Versie 3";"91E0";"91E0_vc";"Structuur";"horizontale structuur - groeiklassen";"b";"Binnen & Buiten";25;23,9007329514447;100;100;100
"Vlaanderen";2;"Habitatsubtype";"Versie 3";"91E0";"91E0_vm";"Structuur";"horizontale structuur - groeiklassen";"b";"Binnen & Buiten";38;41,6171850506099;95,19;82,58;98,81
"Vlaanderen";2;"Habitatsubtype";"Versie 3";"91E0";"91E0_vn";"Structuur";"horizontale structuur - groeiklassen";"b";"Binnen & Buiten";39;43,0960588041952;97,75;85,53;99,69
"Vlaanderen";2;"Habitatsubtype";"Versie 3";"91E0";"91E0_vo";"Structuur";"horizontale structuur - groeiklassen";"b";"Binnen & Buiten";19;19,8127710971964;89,91;66,91;97,51
"Vlaanderen";2;"Habitattype";"Versie 2.0";"91E0";"91E0_sf; 91E0_vm; 91E0_vo; 91E0_va; 91E0_vn";"Structuur";"minimum structuurareaal";"zb";"Binnen & Buiten";177;512,927128848204;14,03;7,79;23,98
"Vlaanderen";2;"SBZH";"Versie 2.0";"91E0";"91E0_sf; 91E0_vo; 91E0_vm; 91E0_va; 91E0_vn";"Structuur";"minimum structuurareaal";"zb";"Binnen";111;381,573673651392;16,56;8,74;29,13
"Vlaanderen";2;"SBZH";"Versie 2.0";"91E0";"91E0_sf; 91E0_vm; 91E0_vo; 91E0_vn; 91E0_va";"Structuur";"minimum structuurareaal";"zb";"Buiten";66;131,353455196812;6,69;2,39;17,34
"Vlaanderen";2;"Habitatsubtype";"Versie 2.0";"91E0";"91E0_sf";"Structuur";"minimum structuurareaal";"zb";"Binnen & Buiten";30;342,2;11,98;4,42;28,58
"Vlaanderen";2;"Habitatsubtype";"Versie 2.0";"91E0";"91E0_va";"Structuur";"minimum structuurareaal";"zb";"Binnen & Buiten";51;66,2011138962023;27,43;17,11;40,91
"Vlaanderen";2;"Habitatsubtype";"Versie 2.0";"91E0";"91E0_vm";"Structuur";"minimum structuurareaal";"zb";"Binnen & Buiten";38;41,6171850506099;24,49;13,41;40,43
"Vlaanderen";2;"Habitatsubtype";"Versie 2.0";"91E0";"91E0_vn";"Structuur";"minimum structuurareaal";"zb";"Binnen & Buiten";39;43,0960588041952;3,81;0,91;14,56
"Vlaanderen";2;"Habitatsubtype";"Versie 2.0";"91E0";"91E0_vo";"Structuur";"minimum structuurareaal";"zb";"Binnen & Buiten";19;19,8127710971964;5,05;0,69;28,78
"Vlaanderen";2;"Habitattype";"Versie 3";"91E0";"91E0_sf; 91E0_vc; 91E0_vm; 91E0_vo; 91E0_va; 91E0_vn";"Structuur";"minimum structuurareaal";"zb";"Binnen & Buiten";202;536,827861799649;14,09;8,03;23,54
"Vlaanderen";2;"SBZH";"Versie 3";"91E0";"91E0_sf; 91E0_vc; 91E0_vo; 91E0_vm; 91E0_va; 91E0_vn";"Structuur";"minimum structuurareaal";"zb";"Binnen";126;393,07381605635;16,7;9,03;28,83
"Vlaanderen";2;"SBZH";"Versie 3";"91E0";"91E0_sf; 91E0_vm; 91E0_vc; 91E0_vo; 91E0_vn; 91E0_va";"Structuur";"minimum structuurareaal";"zb";"Buiten";76;143,754045743298;6,93;2,69;16,75
"Vlaanderen";2;"Habitatsubtype";"Versie 3";"91E0";"91E0_sf";"Structuur";"minimum structuurareaal";"zb";"Binnen & Buiten";30;342,2;11,98;4,42;28,57
"Vlaanderen";2;"Habitatsubtype";"Versie 3";"91E0";"91E0_va";"Structuur";"minimum structuurareaal";"zb";"Binnen & Buiten";51;66,2011138962023;27,43;17,11;40,9
"Vlaanderen";2;"Habitatsubtype";"Versie 3";"91E0";"91E0_vc";"Structuur";"minimum structuurareaal";"zb";"Binnen & Buiten";25;23,9007329514447;15,28;5,7;34,98
"Vlaanderen";2;"Habitatsubtype";"Versie 3";"91E0";"91E0_vm";"Structuur";"minimum structuurareaal";"zb";"Binnen & Buiten";38;41,6171850506099;24,49;13,42;40,43
"Vlaanderen";2;"Habitatsubtype";"Versie 3";"91E0";"91E0_vn";"Structuur";"minimum structuurareaal";"zb";"Binnen & Buiten";39;43,0960588041952;3,81;0,91;14,55
"Vlaanderen";2;"Habitatsubtype";"Versie 3";"91E0";"91E0_vo";"Structuur";"minimum structuurareaal";"zb";"Binnen & Buiten";19;19,8127710971964;5,05;0,69;28,76
"Vlaanderen";2;"Habitattype";"Versie 2.0";"91E0";"91E0_sf; 91E0_vc; 91E0_vm; 91E0_vo; 91E0_va; 91E0_vn";"Vegetatie";"sleutelsoorten van de boom- en struiklaag";"b";"Binnen & Buiten";202;536,827861799649;76,36;67,44;83,44
"Vlaanderen";2;"SBZH";"Versie 2.0";"91E0";"91E0_sf; 91E0_vc; 91E0_vo; 91E0_vm; 91E0_va; 91E0_vn";"Vegetatie";"sleutelsoorten van de boom- en struiklaag";"b";"Binnen";126;393,07381605635;82,62;72,87;89,38
"Vlaanderen";2;"SBZH";"Versie 2.0";"91E0";"91E0_sf; 91E0_vm; 91E0_vc; 91E0_vo; 91E0_vn; 91E0_va";"Vegetatie";"sleutelsoorten van de boom- en struiklaag";"b";"Buiten";76;143,754045743298;59,24;32,64;81,34
"Vlaanderen";2;"Habitatsubtype";"Versie 2.0";"91E0";"91E0_sf";"Vegetatie";"sleutelsoorten van de boom- en struiklaag";"b";"Binnen & Buiten";30;342,2;94,01;78,59;98,53
"Vlaanderen";2;"Habitatsubtype";"Versie 2.0";"91E0";"91E0_va";"Vegetatie";"sleutelsoorten van de boom- en struiklaag";"b";"Binnen & Buiten";51;66,2011138962023;44,17;30,58;58,69
"Vlaanderen";2;"Habitatsubtype";"Versie 2.0";"91E0";"91E0_vc";"Vegetatie";"sleutelsoorten van de boom- en struiklaag";"b";"Binnen & Buiten";25;23,9007329514447;53,39;32,96;72,74
"Vlaanderen";2;"Habitatsubtype";"Versie 2.0";"91E0";"91E0_vm";"Vegetatie";"sleutelsoorten van de boom- en struiklaag";"b";"Binnen & Buiten";38;41,6171850506099;55,54;39,25;70,72
"Vlaanderen";2;"Habitatsubtype";"Versie 2.0";"91E0";"91E0_vn";"Vegetatie";"sleutelsoorten van de boom- en struiklaag";"b";"Binnen & Buiten";39;43,0960588041952;26,24;14,49;42,75
"Vlaanderen";2;"Habitatsubtype";"Versie 2.0";"91E0";"91E0_vo";"Vegetatie";"sleutelsoorten van de boom- en struiklaag";"b";"Binnen & Buiten";19;19,8127710971964;59,56;35,81;79,54
"Vlaanderen";2;"Habitattype";"Versie 3";"91E0";"91E0_sf; 91E0_vc; 91E0_vm; 91E0_vo; 91E0_va; 91E0_vn";"Vegetatie";"sleutelsoorten van de boom- en struiklaag";"b";"Binnen & Buiten";202;536,827861799649;81,31;73,14;87,43
"Vlaanderen";2;"SBZH";"Versie 3";"91E0";"91E0_sf; 91E0_vc; 91E0_vo; 91E0_vm; 91E0_va; 91E0_vn";"Vegetatie";"sleutelsoorten van de boom- en struiklaag";"b";"Binnen";126;393,07381605635;85,89;76,21;92,04
"Vlaanderen";2;"SBZH";"Versie 3";"91E0";"91E0_sf; 91E0_vm; 91E0_vc; 91E0_vo; 91E0_vn; 91E0_va";"Vegetatie";"sleutelsoorten van de boom- en struiklaag";"b";"Buiten";76;143,754045743298;68,8;45,46;85,37
"Vlaanderen";2;"Habitatsubtype";"Versie 3";"91E0";"91E0_sf";"Vegetatie";"sleutelsoorten van de boom- en struiklaag";"b";"Binnen & Buiten";30;342,2;94,01;78,59;98,53
"Vlaanderen";2;"Habitatsubtype";"Versie 3";"91E0";"91E0_va";"Vegetatie";"sleutelsoorten van de boom- en struiklaag";"b";"Binnen & Buiten";51;66,2011138962023;70,82;56,21;82,1
"Vlaanderen";2;"Habitatsubtype";"Versie 3";"91E0";"91E0_vc";"Vegetatie";"sleutelsoorten van de boom- en struiklaag";"b";"Binnen & Buiten";25;23,9007329514447;61,93;40,6;79,48
"Vlaanderen";2;"Habitatsubtype";"Versie 3";"91E0";"91E0_vm";"Vegetatie";"sleutelsoorten van de boom- en struiklaag";"b";"Binnen & Buiten";38;41,6171850506099;55,54;39,25;70,72
"Vlaanderen";2;"Habitatsubtype";"Versie 3";"91E0";"91E0_vn";"Vegetatie";"sleutelsoorten van de boom- en struiklaag";"b";"Binnen & Buiten";39;43,0960588041952;42,25;26,99;59,14
"Vlaanderen";2;"Habitatsubtype";"Versie 3";"91E0";"91E0_vo";"Vegetatie";"sleutelsoorten van de boom- en struiklaag";"b";"Binnen & Buiten";19;19,8127710971964;59,56;35,81;79,54
"Vlaanderen";2;"Habitattype";"Versie 2.0";"91E0";"91E0_sf; 91E0_vc; 91E0_vm; 91E0_vo; 91E0_va; 91E0_vn";"Vegetatie";"sleutelsoorten van de kruidlaag";"b";"Binnen & Buiten";202;536,827861799649;10,59;7,2;15,3
"Vlaanderen";2;"SBZH";"Versie 2.0";"91E0";"91E0_sf; 91E0_vc; 91E0_vo; 91E0_vm; 91E0_va; 91E0_vn";"Vegetatie";"sleutelsoorten van de kruidlaag";"b";"Binnen";126;393,07381605635;6,68;4,13;10,63
"Vlaanderen";2;"SBZH";"Versie 2.0";"91E0";"91E0_sf; 91E0_vm; 91E0_vc; 91E0_vo; 91E0_vn; 91E0_va";"Vegetatie";"sleutelsoorten van de kruidlaag";"b";"Buiten";76;143,754045743298;21,28;9,8;40,2
"Vlaanderen";2;"Habitatsubtype";"Versie 2.0";"91E0";"91E0_sf";"Vegetatie";"sleutelsoorten van de kruidlaag";"b";"Binnen & Buiten";30;342,2;0;0;0
"Vlaanderen";2;"Habitatsubtype";"Versie 2.0";"91E0";"91E0_va";"Vegetatie";"sleutelsoorten van de kruidlaag";"b";"Binnen & Buiten";51;66,2011138962023;46,13;32,33;60,55
"Vlaanderen";2;"Habitatsubtype";"Versie 2.0";"91E0";"91E0_vc";"Vegetatie";"sleutelsoorten van de kruidlaag";"b";"Binnen & Buiten";25;23,9007329514447;18,25;6,93;40,09
"Vlaanderen";2;"Habitatsubtype";"Versie 2.0";"91E0";"91E0_vm";"Vegetatie";"sleutelsoorten van de kruidlaag";"b";"Binnen & Buiten";38;41,6171850506099;17,98;8,62;33,76
"Vlaanderen";2;"Habitatsubtype";"Versie 2.0";"91E0";"91E0_vn";"Vegetatie";"sleutelsoorten van de kruidlaag";"b";"Binnen & Buiten";39;43,0960588041952;33,54;19,84;50,71
"Vlaanderen";2;"Habitatsubtype";"Versie 2.0";"91E0";"91E0_vo";"Vegetatie";"sleutelsoorten van de kruidlaag";"b";"Binnen & Buiten";19;19,8127710971964;0;0;0
"Vlaanderen";2;"Habitattype";"Versie 3";"91E0";"91E0_sf; 91E0_vc; 91E0_vm; 91E0_vo; 91E0_va; 91E0_vn";"Vegetatie";"sleutelsoorten van de kruidlaag";"b";"Binnen & Buiten";202;536,827861799649;33,25;22,67;45,85
"Vlaanderen";2;"SBZH";"Versie 3";"91E0";"91E0_sf; 91E0_vc; 91E0_vo; 91E0_vm; 91E0_va; 91E0_vn";"Vegetatie";"sleutelsoorten van de kruidlaag";"b";"Binnen";126;393,07381605635;39,07;26,42;53,39
"Vlaanderen";2;"SBZH";"Versie 3";"91E0";"91E0_sf; 91E0_vm; 91E0_vc; 91E0_vo; 91E0_vn; 91E0_va";"Vegetatie";"sleutelsoorten van de kruidlaag";"b";"Buiten";76;143,754045743298;17,33;7,77;34,29
"Vlaanderen";2;"Habitatsubtype";"Versie 3";"91E0";"91E0_sf";"Vegetatie";"sleutelsoorten van de kruidlaag";"b";"Binnen & Buiten";30;342,2;35,93;20,24;55,33
"Vlaanderen";2;"Habitatsubtype";"Versie 3";"91E0";"91E0_va";"Vegetatie";"sleutelsoorten van de kruidlaag";"b";"Binnen & Buiten";51;66,2011138962023;30,65;19,07;45,33
"Vlaanderen";2;"Habitatsubtype";"Versie 3";"91E0";"91E0_vc";"Vegetatie";"sleutelsoorten van de kruidlaag";"b";"Binnen & Buiten";25;23,9007329514447;45,58;26,51;66,04
"Vlaanderen";2;"Habitatsubtype";"Versie 3";"91E0";"91E0_vm";"Vegetatie";"sleutelsoorten van de kruidlaag";"b";"Binnen & Buiten";38;41,6171850506099;15,41;6,9;30,95
"Vlaanderen";2;"Habitatsubtype";"Versie 3";"91E0";"91E0_vn";"Vegetatie";"sleutelsoorten van de kruidlaag";"b";"Binnen & Buiten";39;43,0960588041952;14,03;5,66;30,74
"Vlaanderen";2;"Habitatsubtype";"Versie 3";"91E0";"91E0_vo";"Vegetatie";"sleutelsoorten van de kruidlaag";"b";"Binnen & Buiten";19;19,8127710971964;60,15;36,42;79,91
"Vlaanderen";2;"Habitattype";"Versie 2.0";"91E0";"91E0_sf; 91E0_vc; 91E0_vm; 91E0_vo; 91E0_va; 91E0_vn";"Verstoring";"ruderalisering";"zb";"Binnen & Buiten";202;536,827861799649;69,8;53,93;82,02
"Vlaanderen";2;"SBZH";"Versie 2.0";"91E0";"91E0_sf; 91E0_vc; 91E0_vo; 91E0_vm; 91E0_va; 91E0_vn";"Verstoring";"ruderalisering";"zb";"Binnen";126;393,07381605635;81,27;68,25;89,75
"Vlaanderen";2;"SBZH";"Versie 2.0";"91E0";"91E0_sf; 91E0_vm; 91E0_vc; 91E0_vo; 91E0_vn; 91E0_va";"Verstoring";"ruderalisering";"zb";"Buiten";76;143,754045743298;38,42;17,68;64,44
"Vlaanderen";2;"Habitatsubtype";"Versie 2.0";"91E0";"91E0_sf";"Verstoring";"ruderalisering";"zb";"Binnen & Buiten";30;342,2;71,85;45,76;88,54
"Vlaanderen";2;"Habitatsubtype";"Versie 2.0";"91E0";"91E0_va";"Verstoring";"ruderalisering";"zb";"Binnen & Buiten";51;66,2011138962023;58,14;43,37;71,57
"Vlaanderen";2;"Habitatsubtype";"Versie 2.0";"91E0";"91E0_vc";"Verstoring";"ruderalisering";"zb";"Binnen & Buiten";25;23,9007329514447;56,17;35,26;75,1
"Vlaanderen";2;"Habitatsubtype";"Versie 2.0";"91E0";"91E0_vm";"Verstoring";"ruderalisering";"zb";"Binnen & Buiten";38;41,6171850506099;92,79;79,74;97,68
"Vlaanderen";2;"Habitatsubtype";"Versie 2.0";"91E0";"91E0_vn";"Verstoring";"ruderalisering";"zb";"Binnen & Buiten";39;43,0960588041952;44,42;29,01;60,98
"Vlaanderen";2;"Habitatsubtype";"Versie 2.0";"91E0";"91E0_vo";"Verstoring";"ruderalisering";"zb";"Binnen & Buiten";19;19,8127710971964;96,59;78,87;99,54
"Vlaanderen";2;"Habitattype";"Versie 3";"91E0";"91E0_sf; 91E0_vc; 91E0_vm; 91E0_vo; 91E0_va; 91E0_vn";"Verstoring";"invasieve exoten van de kruidlaag";"zb";"Binnen & Buiten";202;536,827861799649;34,38;25,25;44,82
"Vlaanderen";2;"SBZH";"Versie 3";"91E0";"91E0_sf; 91E0_vc; 91E0_vo; 91E0_vm; 91E0_va; 91E0_vn";"Verstoring";"invasieve exoten van de kruidlaag";"zb";"Binnen";126;393,07381605635;25,48;17,77;35,1
"Vlaanderen";2;"SBZH";"Versie 3";"91E0";"91E0_sf; 91E0_vm; 91E0_vc; 91E0_vo; 91E0_vn; 91E0_va";"Verstoring";"invasieve exoten van de kruidlaag";"zb";"Buiten";76;143,754045743298;58,71;23,67;86,7
"Vlaanderen";2;"Habitatsubtype";"Versie 3";"91E0";"91E0_sf";"Verstoring";"invasieve exoten van de kruidlaag";"zb";"Binnen & Buiten";30;342,2;2,99;0,41;18,7
"Vlaanderen";2;"Habitatsubtype";"Versie 3";"91E0";"91E0_va";"Verstoring";"invasieve exoten van de kruidlaag";"zb";"Binnen & Buiten";51;66,2011138962023;81,97;67,32;90,93
"Vlaanderen";2;"Habitatsubtype";"Versie 3";"91E0";"91E0_vc";"Verstoring";"invasieve exoten van de kruidlaag";"zb";"Binnen & Buiten";25;23,9007329514447;85,41;63,15;95,24
"Vlaanderen";2;"Habitatsubtype";"Versie 3";"91E0";"91E0_vm";"Verstoring";"invasieve exoten van de kruidlaag";"zb";"Binnen & Buiten";38;41,6171850506099;100;100;100
"Vlaanderen";2;"Habitatsubtype";"Versie 3";"91E0";"91E0_vn";"Verstoring";"invasieve exoten van de kruidlaag";"zb";"Binnen & Buiten";39;43,0960588041952;88,61;71,83;95,96
"Vlaanderen";2;"Habitatsubtype";"Versie 3";"91E0";"91E0_vo";"Verstoring";"invasieve exoten van de kruidlaag";"zb";"Binnen & Buiten";19;19,8127710971964;100;100;100
"Vlaanderen";2;"Habitattype";"Versie 2.0";"91E0";"91E0_sf; 91E0_vc; 91E0_vm; 91E0_vo; 91E0_va; 91E0_vn";"Structuur";"bosconstantie";"zb";"Binnen & Buiten";174;215,117516972062;67,21;58,55;74,84
"Vlaanderen";2;"SBZH";"Versie 2.0";"91E0";"91E0_sf; 91E0_vc; 91E0_vo; 91E0_vm; 91E0_va; 91E0_vn";"Structuur";"bosconstantie";"zb";"Binnen";99;116,463471228764;71,28;59,36;80,83
"Vlaanderen";2;"SBZH";"Versie 2.0";"91E0";"91E0_vm; 91E0_vc; 91E0_vo; 91E0_vn; 91E0_va";"Structuur";"bosconstantie";"zb";"Buiten";75;98,6540457432985;62,42;50,31;73,14
"Vlaanderen";2;"Habitatsubtype";"Versie 2.0";"91E0";"91E0_sf";"Structuur";"bosconstantie";"zb";"Binnen & Buiten";2;20,4896551724138;100;NA;NA
"Vlaanderen";2;"Habitatsubtype";"Versie 2.0";"91E0";"91E0_va";"Structuur";"bosconstantie";"zb";"Binnen & Buiten";51;66,2011138962023;59,16;44,35;72,47
"Vlaanderen";2;"Habitatsubtype";"Versie 2.0";"91E0";"91E0_vc";"Structuur";"bosconstantie";"zb";"Binnen & Buiten";25;23,9007329514447;78,35;57,59;90,6
"Vlaanderen";2;"Habitatsubtype";"Versie 2.0";"91E0";"91E0_vm";"Structuur";"bosconstantie";"zb";"Binnen & Buiten";38;41,6171850506099;69,49;52,96;82,17
"Vlaanderen";2;"Habitatsubtype";"Versie 2.0";"91E0";"91E0_vn";"Structuur";"bosconstantie";"zb";"Binnen & Buiten";39;43,0960588041952;62,53;45,62;76,85
"Vlaanderen";2;"Habitatsubtype";"Versie 2.0";"91E0";"91E0_vo";"Structuur";"bosconstantie";"zb";"Binnen & Buiten";19;19,8127710971964;52,18;29,23;74,24
"Vlaanderen";2;"Habitattype";"Versie 3";"91E0";"91E0_sf; 91E0_vc; 91E0_vm; 91E0_vo; 91E0_va; 91E0_vn";"Structuur";"bosconstantie";"zb";"Binnen & Buiten";174;215,117516972062;67,21;58,55;74,84
"Vlaanderen";2;"SBZH";"Versie 3";"91E0";"91E0_sf; 91E0_vc; 91E0_vo; 91E0_vm; 91E0_va; 91E0_vn";"Structuur";"bosconstantie";"zb";"Binnen";99;116,463471228764;71,28;59,36;80,83
"Vlaanderen";2;"SBZH";"Versie 3";"91E0";"91E0_vm; 91E0_vc; 91E0_vo; 91E0_vn; 91E0_va";"Structuur";"bosconstantie";"zb";"Buiten";75;98,6540457432985;62,42;50,31;73,14
"Vlaanderen";2;"Habitatsubtype";"Versie 3";"91E0";"91E0_sf";"Structuur";"bosconstantie";"zb";"Binnen & Buiten";2;20,4896551724138;100;NA;NA
"Vlaanderen";2;"Habitatsubtype";"Versie 3";"91E0";"91E0_va";"Structuur";"bosconstantie";"zb";"Binnen & Buiten";51;66,2011138962023;59,16;44,35;72,47
"Vlaanderen";2;"Habitatsubtype";"Versie 3";"91E0";"91E0_vc";"Structuur";"bosconstantie";"zb";"Binnen & Buiten";25;23,9007329514447;78,35;57,59;90,6
"Vlaanderen";2;"Habitatsubtype";"Versie 3";"91E0";"91E0_vm";"Structuur";"bosconstantie";"zb";"Binnen & Buiten";38;41,6171850506099;69,49;52,96;82,17
"Vlaanderen";2;"Habitatsubtype";"Versie 3";"91E0";"91E0_vn";"Structuur";"bosconstantie";"zb";"Binnen & Buiten";39;43,0960588041952;62,53;45,62;76,85
"Vlaanderen";2;"Habitatsubtype";"Versie 3";"91E0";"91E0_vo";"Structuur";"bosconstantie";"zb";"Binnen & Buiten";19;19,8127710971964;52,18;29,23;74,24
"Vlaanderen";2;"Habitattype";"Versie 2.0";"91E0";"91E0_vc; 91E0_vm; 91E0_vo; 91E0_va; 91E0_vn";"Structuur";"verticale structuur";"b";"Binnen & Buiten";172;194,627861799648;97,48;93,03;99,11
"Vlaanderen";2;"SBZH";"Versie 2.0";"91E0";"91E0_vc; 91E0_vo; 91E0_vm; 91E0_va; 91E0_vn";"Structuur";"verticale structuur";"b";"Binnen";97;95,97381605635;96,99;91,02;99,03
"Vlaanderen";2;"SBZH";"Versie 2.0";"91E0";"91E0_vm; 91E0_vc; 91E0_vo; 91E0_vn; 91E0_va";"Structuur";"verticale structuur";"b";"Buiten";75;98,6540457432985;97,95;86,83;99,71
"Vlaanderen";2;"Habitatsubtype";"Versie 2.0";"91E0";"91E0_va";"Structuur";"verticale structuur";"b";"Binnen & Buiten";51;66,2011138962023;96,95;81,3;99,57
"Vlaanderen";2;"Habitatsubtype";"Versie 2.0";"91E0";"91E0_vc";"Structuur";"verticale structuur";"b";"Binnen & Buiten";25;23,9007329514447;96,27;77,54;99,49
"Vlaanderen";2;"Habitatsubtype";"Versie 2.0";"91E0";"91E0_vm";"Structuur";"verticale structuur";"b";"Binnen & Buiten";38;41,6171850506099;100;100;100
"Vlaanderen";2;"Habitatsubtype";"Versie 2.0";"91E0";"91E0_vn";"Structuur";"verticale structuur";"b";"Binnen & Buiten";39;43,0960588041952;100;100;100
"Vlaanderen";2;"Habitatsubtype";"Versie 2.0";"91E0";"91E0_vo";"Structuur";"verticale structuur";"b";"Binnen & Buiten";19;19,8127710971964;89,91;66,9;97,52
"Vlaanderen";2;"Habitattype";"Versie 3";"91E0";"91E0_vc; 91E0_vm; 91E0_vo; 91E0_va; 91E0_vn";"Structuur";"verticale structuur";"b";"Binnen & Buiten";172;194,627861799648;97,48;93,03;99,11
"Vlaanderen";2;"SBZH";"Versie 3";"91E0";"91E0_vc; 91E0_vo; 91E0_vm; 91E0_va; 91E0_vn";"Structuur";"verticale structuur";"b";"Binnen";97;95,97381605635;96,99;91,02;99,03
"Vlaanderen";2;"SBZH";"Versie 3";"91E0";"91E0_vm; 91E0_vc; 91E0_vo; 91E0_vn; 91E0_va";"Structuur";"verticale structuur";"b";"Buiten";75;98,6540457432985;97,95;86,83;99,71
"Vlaanderen";2;"Habitatsubtype";"Versie 3";"91E0";"91E0_va";"Structuur";"verticale structuur";"b";"Binnen & Buiten";51;66,2011138962023;96,95;81,3;99,57
"Vlaanderen";2;"Habitatsubtype";"Versie 3";"91E0";"91E0_vc";"Structuur";"verticale structuur";"b";"Binnen & Buiten";25;23,9007329514447;96,27;77,54;99,49
"Vlaanderen";2;"Habitatsubtype";"Versie 3";"91E0";"91E0_vm";"Structuur";"verticale structuur";"b";"Binnen & Buiten";38;41,6171850506099;100;100;100
"Vlaanderen";2;"Habitatsubtype";"Versie 3";"91E0";"91E0_vn";"Structuur";"verticale structuur";"b";"Binnen & Buiten";39;43,0960588041952;100;100;100
"Vlaanderen";2;"Habitatsubtype";"Versie 3";"91E0";"91E0_vo";"Structuur";"verticale structuur";"b";"Binnen & Buiten";19;19,8127710971964;89,91;66,9;97,52
"Vlaanderen";2;"Habitattype";"Versie 2.0";"91E0";"91E0_vc; 91E0_vm; 91E0_vo; 91E0_va; 91E0_vn";"Verstoring";"invasieve exoten";"b";"Binnen & Buiten";172;194,627861799648;81,21;74,09;86,72
"Vlaanderen";2;"SBZH";"Versie 2.0";"91E0";"91E0_vc; 91E0_vo; 91E0_vm; 91E0_va; 91E0_vn";"Verstoring";"invasieve exoten";"b";"Binnen";97;95,97381605635;82,56;73,05;89,21
"Vlaanderen";2;"SBZH";"Versie 2.0";"91E0";"91E0_vm; 91E0_vc; 91E0_vo; 91E0_vn; 91E0_va";"Verstoring";"invasieve exoten";"b";"Buiten";75;98,6540457432985;79,89;68,52;87,88
"Vlaanderen";2;"Habitatsubtype";"Versie 2.0";"91E0";"91E0_va";"Verstoring";"invasieve exoten";"b";"Binnen & Buiten";51;66,2011138962023;84,91;69,81;93,2
"Vlaanderen";2;"Habitatsubtype";"Versie 2.0";"91E0";"91E0_vc";"Verstoring";"invasieve exoten";"b";"Binnen & Buiten";25;23,9007329514447;86,7;65,67;95,69
"Vlaanderen";2;"Habitatsubtype";"Versie 2.0";"91E0";"91E0_vm";"Verstoring";"invasieve exoten";"b";"Binnen & Buiten";38;41,6171850506099;79,63;63,61;89,74
"Vlaanderen";2;"Habitatsubtype";"Versie 2.0";"91E0";"91E0_vn";"Verstoring";"invasieve exoten";"b";"Binnen & Buiten";39;43,0960588041952;80,65;64,39;90,58
"Vlaanderen";2;"Habitatsubtype";"Versie 2.0";"91E0";"91E0_vo";"Verstoring";"invasieve exoten";"b";"Binnen & Buiten";19;19,8127710971964;66,7;42,1;84,66
"Vlaanderen";2;"Habitattype";"Versie 2.0";"91E0";"91E0_vc; 91E0_vm; 91E0_vo; 91E0_va; 91E0_vn";"Verstoring";"verruiging";"zb";"Binnen & Buiten";172;194,627861799648;92,63;87,65;95,7
"Vlaanderen";2;"SBZH";"Versie 2.0";"91E0";"91E0_vc; 91E0_vo; 91E0_vm; 91E0_va; 91E0_vn";"Verstoring";"verruiging";"zb";"Binnen";97;95,97381605635;88,21;80,21;93,25
"Vlaanderen";2;"SBZH";"Versie 2.0";"91E0";"91E0_vm; 91E0_vc; 91E0_vo; 91E0_vn; 91E0_va";"Verstoring";"verruiging";"zb";"Buiten";75;98,6540457432985;96,92;87,67;99,29
"Vlaanderen";2;"Habitatsubtype";"Versie 2.0";"91E0";"91E0_va";"Verstoring";"verruiging";"zb";"Binnen & Buiten";51;66,2011138962023;100;100;100
"Vlaanderen";2;"Habitatsubtype";"Versie 2.0";"91E0";"91E0_vc";"Verstoring";"verruiging";"zb";"Binnen & Buiten";25;23,9007329514447;91,63;71,79;97,92
"Vlaanderen";2;"Habitatsubtype";"Versie 2.0";"91E0";"91E0_vm";"Verstoring";"verruiging";"zb";"Binnen & Buiten";38;41,6171850506099;98,15;87,84;99,74
"Vlaanderen";2;"Habitatsubtype";"Versie 2.0";"91E0";"91E0_vn";"Verstoring";"verruiging";"zb";"Binnen & Buiten";39;43,0960588041952;97,68;85,13;99,68
"Vlaanderen";2;"Habitatsubtype";"Versie 2.0";"91E0";"91E0_vo";"Verstoring";"verruiging";"zb";"Binnen & Buiten";19;19,8127710971964;46,62;24,73;69,88
"Vlaanderen";2;"Habitattype";"Versie 3";"91E0";"91E0_vc; 91E0_vm; 91E0_vo; 91E0_va; 91E0_vn";"Verstoring";"verruiging";"zb";"Binnen & Buiten";172;194,627861799648;41,18;33,63;49,16
"Vlaanderen";2;"SBZH";"Versie 3";"91E0";"91E0_vc; 91E0_vo; 91E0_vm; 91E0_va; 91E0_vn";"Verstoring";"verruiging";"zb";"Binnen";97;95,97381605635;47,05;36,86;57,49
"Vlaanderen";2;"SBZH";"Versie 3";"91E0";"91E0_vm; 91E0_vc; 91E0_vo; 91E0_vn; 91E0_va";"Verstoring";"verruiging";"zb";"Buiten";75;98,6540457432985;35,46;24,86;47,72
"Vlaanderen";2;"Habitatsubtype";"Versie 3";"91E0";"91E0_va";"Verstoring";"verruiging";"zb";"Binnen & Buiten";51;66,2011138962023;50,22;36,03;64,36
"Vlaanderen";2;"Habitatsubtype";"Versie 3";"91E0";"91E0_vc";"Verstoring";"verruiging";"zb";"Binnen & Buiten";25;23,9007329514447;18,17;7,42;38,08
"Vlaanderen";2;"Habitatsubtype";"Versie 3";"91E0";"91E0_vm";"Verstoring";"verruiging";"zb";"Binnen & Buiten";38;41,6171850506099;65,82;49,18;79,3
"Vlaanderen";2;"Habitatsubtype";"Versie 3";"91E0";"91E0_vn";"Verstoring";"verruiging";"zb";"Binnen & Buiten";39;43,0960588041952;30,52;17,8;47,11
"Vlaanderen";2;"Habitatsubtype";"Versie 3";"91E0";"91E0_vo";"Verstoring";"verruiging";"zb";"Binnen & Buiten";19;19,8127710971964;10,14;2,57;32,55
"Vlaanderen";2;"Habitattype";"Versie 3";"91E0";"91E0_vc; 91E0_vm; 91E0_vo; 91E0_va; 91E0_vn";"Verstoring";"invasieve exoten van de boom- en struiklaag";"b";"Binnen & Buiten";172;194,627861799648;86,3;80,01;90,84
"Vlaanderen";2;"SBZH";"Versie 3";"91E0";"91E0_vc; 91E0_vo; 91E0_vm; 91E0_va; 91E0_vn";"Verstoring";"invasieve exoten van de boom- en struiklaag";"b";"Binnen";97;95,97381605635;83,25;73,75;89,79
"Vlaanderen";2;"SBZH";"Versie 3";"91E0";"91E0_vm; 91E0_vc; 91E0_vo; 91E0_vn; 91E0_va";"Verstoring";"invasieve exoten van de boom- en struiklaag";"b";"Buiten";75;98,6540457432985;89,27;79,83;94,59
"Vlaanderen";2;"Habitatsubtype";"Versie 3";"91E0";"91E0_va";"Verstoring";"invasieve exoten van de boom- en struiklaag";"b";"Binnen & Buiten";51;66,2011138962023;93,92;81,69;98,17
"Vlaanderen";2;"Habitatsubtype";"Versie 3";"91E0";"91E0_vc";"Verstoring";"invasieve exoten van de boom- en struiklaag";"b";"Binnen & Buiten";25;23,9007329514447;91,63;71,79;97,92
"Vlaanderen";2;"Habitatsubtype";"Versie 3";"91E0";"91E0_vm";"Verstoring";"invasieve exoten van de boom- en struiklaag";"b";"Binnen & Buiten";38;41,6171850506099;84,06;68,28;92,81
"Vlaanderen";2;"Habitatsubtype";"Versie 3";"91E0";"91E0_vn";"Verstoring";"invasieve exoten van de boom- en struiklaag";"b";"Binnen & Buiten";39;43,0960588041952;82,81;66,56;92,1
"Vlaanderen";2;"Habitatsubtype";"Versie 3";"91E0";"91E0_vo";"Verstoring";"invasieve exoten van de boom- en struiklaag";"b";"Binnen & Buiten";19;19,8127710971964;66,7;42,1;84,66
"Vlaanderen";2;"Habitattype";"Versie 2.0";"9160";"9160";"Structuur";"aandeel dood hout";"b";"Binnen & Buiten";47;45,8407358636387;53,82;39,44;67,59
"Vlaanderen";2;"SBZH";"Versie 2.0";"9160";"9160";"Structuur";"aandeel dood hout";"b";"Binnen";28;27,0583910083736;53,74;35,35;71,16
"Vlaanderen";2;"SBZH";"Versie 2.0";"9160";"9160";"Structuur";"aandeel dood hout";"b";"Buiten";19;18,7823448552651;53,95;31,91;74,54
"Vlaanderen";2;"Habitattype";"Versie 3";"9160";"9160";"Structuur";"aandeel dood hout";"b";"Binnen & Buiten";47;45,8407358636387;53,82;39,44;67,59
"Vlaanderen";2;"SBZH";"Versie 3";"9160";"9160";"Structuur";"aandeel dood hout";"b";"Binnen";28;27,0583910083736;53,74;35,35;71,16
"Vlaanderen";2;"SBZH";"Versie 3";"9160";"9160";"Structuur";"aandeel dood hout";"b";"Buiten";19;18,7823448552651;53,95;31,91;74,54
"Vlaanderen";2;"Habitattype";"Versie 2.0";"9160";"9160";"Structuur";"bosconstantie";"zb";"Binnen & Buiten";47;45,8407358636387;59,38;44,73;72,53
"Vlaanderen";2;"SBZH";"Versie 2.0";"9160";"9160";"Structuur";"bosconstantie";"zb";"Binnen";28;27,0583910083736;57,13;38,41;74,01
"Vlaanderen";2;"SBZH";"Versie 2.0";"9160";"9160";"Structuur";"bosconstantie";"zb";"Buiten";19;18,7823448552651;62,61;39,4;81,18
"Vlaanderen";2;"Habitattype";"Versie 3";"9160";"9160";"Structuur";"bosconstantie";"zb";"Binnen & Buiten";47;45,8407358636387;59,38;44,73;72,53
"Vlaanderen";2;"SBZH";"Versie 3";"9160";"9160";"Structuur";"bosconstantie";"zb";"Binnen";28;27,0583910083736;57,13;38,41;74,01
"Vlaanderen";2;"SBZH";"Versie 3";"9160";"9160";"Structuur";"bosconstantie";"zb";"Buiten";19;18,7823448552651;62,61;39,4;81,18
"Vlaanderen";2;"Habitattype";"Versie 2.0";"9160";"9160";"Structuur";"hoeveelheid dik dood hout";"zb";"Binnen & Buiten";47;45,8407358636387;16,98;8,64;30,68
"Vlaanderen";2;"SBZH";"Versie 2.0";"9160";"9160";"Structuur";"hoeveelheid dik dood hout";"zb";"Binnen";28;27,0583910083736;10,35;3,31;28,04
"Vlaanderen";2;"SBZH";"Versie 2.0";"9160";"9160";"Structuur";"hoeveelheid dik dood hout";"zb";"Buiten";19;18,7823448552651;26,54;11,36;50,44
"Vlaanderen";2;"Habitattype";"Versie 3";"9160";"9160";"Structuur";"hoeveelheid dik dood hout";"zb";"Binnen & Buiten";47;45,8407358636387;16,98;8,64;30,68
"Vlaanderen";2;"SBZH";"Versie 3";"9160";"9160";"Structuur";"hoeveelheid dik dood hout";"zb";"Binnen";28;27,0583910083736;10,35;3,31;28,04
"Vlaanderen";2;"SBZH";"Versie 3";"9160";"9160";"Structuur";"hoeveelheid dik dood hout";"zb";"Buiten";19;18,7823448552651;26,54;11,36;50,44
"Vlaanderen";2;"Habitattype";"Versie 2.0";"9160";"9160";"Structuur";"horizontale structuur - groeiklassen";"b";"Binnen & Buiten";47;45,8407358636387;100;100;100
"Vlaanderen";2;"SBZH";"Versie 2.0";"9160";"9160";"Structuur";"horizontale structuur - groeiklassen";"b";"Binnen";28;27,0583910083736;100;100;100
"Vlaanderen";2;"SBZH";"Versie 2.0";"9160";"9160";"Structuur";"horizontale structuur - groeiklassen";"b";"Buiten";19;18,7823448552651;100;100;100
"Vlaanderen";2;"Habitattype";"Versie 3";"9160";"9160";"Structuur";"horizontale structuur - groeiklassen";"b";"Binnen & Buiten";47;45,8407358636387;100;100;100
"Vlaanderen";2;"SBZH";"Versie 3";"9160";"9160";"Structuur";"horizontale structuur - groeiklassen";"b";"Binnen";28;27,0583910083736;100;100;100
"Vlaanderen";2;"SBZH";"Versie 3";"9160";"9160";"Structuur";"horizontale structuur - groeiklassen";"b";"Buiten";19;18,7823448552651;100;100;100
"Vlaanderen";2;"Habitattype";"Versie 2.0";"9160";"9160";"Structuur";"minimum structuurareaal";"zb";"Binnen & Buiten";47;45,8407358636387;42,01;28,71;56,58
"Vlaanderen";2;"SBZH";"Versie 2.0";"9160";"9160";"Structuur";"minimum structuurareaal";"zb";"Binnen";28;27,0583910083736;71,17;51,82;85
"Vlaanderen";2;"SBZH";"Versie 2.0";"9160";"9160";"Structuur";"minimum structuurareaal";"zb";"Buiten";19;18,7823448552651;0;0;0
"Vlaanderen";2;"Habitattype";"Versie 3";"9160";"9160";"Structuur";"minimum structuurareaal";"zb";"Binnen & Buiten";47;45,8407358636387;42,01;28,71;56,58
"Vlaanderen";2;"SBZH";"Versie 3";"9160";"9160";"Structuur";"minimum structuurareaal";"zb";"Binnen";28;27,0583910083736;71,17;51,82;85
"Vlaanderen";2;"SBZH";"Versie 3";"9160";"9160";"Structuur";"minimum structuurareaal";"zb";"Buiten";19;18,7823448552651;0;0;0
"Vlaanderen";2;"Habitattype";"Versie 2.0";"9160";"9160";"Structuur";"verticale structuur";"b";"Binnen & Buiten";47;45,8407358636387;97,75;85,45;99,69
"Vlaanderen";2;"SBZH";"Versie 2.0";"9160";"9160";"Structuur";"verticale structuur";"b";"Binnen";28;27,0583910083736;100;100;100
"Vlaanderen";2;"SBZH";"Versie 2.0";"9160";"9160";"Structuur";"verticale structuur";"b";"Buiten";19;18,7823448552651;94,52;69,24;99,25
"Vlaanderen";2;"Habitattype";"Versie 3";"9160";"9160";"Structuur";"verticale structuur";"b";"Binnen & Buiten";47;45,8407358636387;97,75;85,45;99,69
"Vlaanderen";2;"SBZH";"Versie 3";"9160";"9160";"Structuur";"verticale structuur";"b";"Binnen";28;27,0583910083736;100;100;100
"Vlaanderen";2;"SBZH";"Versie 3";"9160";"9160";"Structuur";"verticale structuur";"b";"Buiten";19;18,7823448552651;94,52;69,24;99,25
"Vlaanderen";2;"Habitattype";"Versie 2.0";"9160";"9160";"Vegetatie";"sleutelsoorten van de boom- en struiklaag";"b";"Binnen & Buiten";47;45,8407358636387;53,27;38,92;67,11
"Vlaanderen";2;"SBZH";"Versie 2.0";"9160";"9160";"Vegetatie";"sleutelsoorten van de boom- en struiklaag";"b";"Binnen";28;27,0583910083736;56,61;37,92;73,6
"Vlaanderen";2;"SBZH";"Versie 2.0";"9160";"9160";"Vegetatie";"sleutelsoorten van de boom- en struiklaag";"b";"Buiten";19;18,7823448552651;48,46;27,36;70,13
"Vlaanderen";2;"Habitattype";"Versie 3";"9160";"9160";"Vegetatie";"sleutelsoorten van de boom- en struiklaag";"b";"Binnen & Buiten";47;45,8407358636387;48,85;34,82;63,06
"Vlaanderen";2;"SBZH";"Versie 3";"9160";"9160";"Vegetatie";"sleutelsoorten van de boom- en struiklaag";"b";"Binnen";28;27,0583910083736;52,92;34,6;70,48
"Vlaanderen";2;"SBZH";"Versie 3";"9160";"9160";"Vegetatie";"sleutelsoorten van de boom- en struiklaag";"b";"Buiten";19;18,7823448552651;42,98;23,02;65,53
"Vlaanderen";2;"Habitattype";"Versie 2.0";"9160";"9160";"Vegetatie";"sleutelsoorten van de kruidlaag";"b";"Binnen & Buiten";47;45,8407358636387;25,89;15,24;40,43
"Vlaanderen";2;"SBZH";"Versie 2.0";"9160";"9160";"Vegetatie";"sleutelsoorten van de kruidlaag";"b";"Binnen";28;27,0583910083736;36,93;21,12;56,16
"Vlaanderen";2;"SBZH";"Versie 2.0";"9160";"9160";"Vegetatie";"sleutelsoorten van de kruidlaag";"b";"Buiten";19;18,7823448552651;9,98;2,44;32,93
"Vlaanderen";2;"Habitattype";"Versie 3";"9160";"9160";"Vegetatie";"sleutelsoorten van de kruidlaag";"b";"Binnen & Buiten";47;45,8407358636387;51,95;37,69;65,9
"Vlaanderen";2;"SBZH";"Versie 3";"9160";"9160";"Vegetatie";"sleutelsoorten van de kruidlaag";"b";"Binnen";28;27,0583910083736;62,06;43,1;77,94
"Vlaanderen";2;"SBZH";"Versie 3";"9160";"9160";"Vegetatie";"sleutelsoorten van de kruidlaag";"b";"Buiten";19;18,7823448552651;37,39;18,82;60,6
"Vlaanderen";2;"Habitattype";"Versie 2.0";"9160";"9160";"Verstoring";"invasieve exoten";"b";"Binnen & Buiten";47;45,8407358636387;91,71;79,58;96,92
"Vlaanderen";2;"SBZH";"Versie 2.0";"9160";"9160";"Verstoring";"invasieve exoten";"b";"Binnen";28;27,0583910083736;93,57;77,01;98,44
"Vlaanderen";2;"SBZH";"Versie 2.0";"9160";"9160";"Verstoring";"invasieve exoten";"b";"Buiten";19;18,7823448552651;89,04;64,85;97,28
"Vlaanderen";2;"Habitattype";"Versie 2.0";"9160";"9160";"Verstoring";"ruderalisering";"zb";"Binnen & Buiten";47;45,8407358636387;93,41;81,28;97,88
"Vlaanderen";2;"SBZH";"Versie 2.0";"9160";"9160";"Verstoring";"ruderalisering";"zb";"Binnen";28;27,0583910083736;92,63;74,6;98,18
"Vlaanderen";2;"SBZH";"Versie 2.0";"9160";"9160";"Verstoring";"ruderalisering";"zb";"Buiten";19;18,7823448552651;94,52;69,24;99,25
"Vlaanderen";2;"Habitattype";"Versie 2.0";"9160";"9160";"Verstoring";"verruiging";"zb";"Binnen & Buiten";47;45,8407358636387;100;100;100
"Vlaanderen";2;"SBZH";"Versie 2.0";"9160";"9160";"Verstoring";"verruiging";"zb";"Binnen";28;27,0583910083736;100;100;100
"Vlaanderen";2;"SBZH";"Versie 2.0";"9160";"9160";"Verstoring";"verruiging";"zb";"Buiten";19;18,7823448552651;100;100;100
"Vlaanderen";2;"Habitattype";"Versie 3";"9160";"9160";"Verstoring";"verruiging";"zb";"Binnen & Buiten";47;45,8407358636387;65,72;50,97;77,96
"Vlaanderen";2;"SBZH";"Versie 3";"9160";"9160";"Verstoring";"verruiging";"zb";"Binnen";28;27,0583910083736;57,15;38,44;74,03
"Vlaanderen";2;"SBZH";"Versie 3";"9160";"9160";"Verstoring";"verruiging";"zb";"Buiten";19;18,7823448552651;78,07;53,82;91,58
"Vlaanderen";2;"Habitattype";"Versie 3";"9160";"9160";"Verstoring";"invasieve exoten van de boom- en struiklaag";"b";"Binnen & Buiten";47;45,8407358636387;95,51;83,55;98,89
"Vlaanderen";2;"SBZH";"Versie 3";"9160";"9160";"Verstoring";"invasieve exoten van de boom- en struiklaag";"b";"Binnen";28;27,0583910083736;100;100;100
"Vlaanderen";2;"SBZH";"Versie 3";"9160";"9160";"Verstoring";"invasieve exoten van de boom- en struiklaag";"b";"Buiten";19;18,7823448552651;89,04;64,85;97,28
"Vlaanderen";2;"Habitattype";"Versie 3";"9160";"9160";"Verstoring";"invasieve exoten van de kruidlaag";"zb";"Binnen & Buiten";47;45,8407358636387;100;100;100
"Vlaanderen";2;"SBZH";"Versie 3";"9160";"9160";"Verstoring";"invasieve exoten van de kruidlaag";"zb";"Binnen";28;27,0583910083736;100;100;100
"Vlaanderen";2;"SBZH";"Versie 3";"9160";"9160";"Verstoring";"invasieve exoten van de kruidlaag";"zb";"Buiten";19;18,7823448552651;100;100;100
"Vlaanderen";2;"Habitattype";"Versie 2.0";"9190";"9190";"Structuur";"aandeel dood hout";"b";"Binnen & Buiten";59;60,8314353620715;40,1;28,02;53,52
"Vlaanderen";2;"SBZH";"Versie 2.0";"9190";"9190";"Structuur";"aandeel dood hout";"b";"Binnen";31;28,9586816338972;44,86;28,34;62,59
"Vlaanderen";2;"SBZH";"Versie 2.0";"9190";"9190";"Structuur";"aandeel dood hout";"b";"Buiten";28;31,8727537281742;35,79;19,75;55,8
"Vlaanderen";2;"Habitattype";"Versie 3";"9190";"9190";"Structuur";"aandeel dood hout";"b";"Binnen & Buiten";59;60,8314353620715;40,1;28,02;53,52
"Vlaanderen";2;"SBZH";"Versie 3";"9190";"9190";"Structuur";"aandeel dood hout";"b";"Binnen";31;28,9586816338972;44,86;28,34;62,59
"Vlaanderen";2;"SBZH";"Versie 3";"9190";"9190";"Structuur";"aandeel dood hout";"b";"Buiten";28;31,8727537281742;35,79;19,75;55,8
"Vlaanderen";2;"Habitattype";"Versie 2.0";"9190";"9190";"Structuur";"bosconstantie";"zb";"Binnen & Buiten";59;60,8314353620715;44,72;32,13;58,02
"Vlaanderen";2;"SBZH";"Versie 2.0";"9190";"9190";"Structuur";"bosconstantie";"zb";"Binnen";31;28,9586816338972;44,89;28,3;62,71
"Vlaanderen";2;"SBZH";"Versie 2.0";"9190";"9190";"Structuur";"bosconstantie";"zb";"Buiten";28;31,8727537281742;44,56;26,88;63,72
"Vlaanderen";2;"Habitattype";"Versie 3";"9190";"9190";"Structuur";"bosconstantie";"zb";"Binnen & Buiten";59;60,8314353620715;44,72;32,13;58,02
"Vlaanderen";2;"SBZH";"Versie 3";"9190";"9190";"Structuur";"bosconstantie";"zb";"Binnen";31;28,9586816338972;44,89;28,3;62,71
"Vlaanderen";2;"SBZH";"Versie 3";"9190";"9190";"Structuur";"bosconstantie";"zb";"Buiten";28;31,8727537281742;44,56;26,88;63,72
"Vlaanderen";2;"Habitattype";"Versie 2.0";"9190";"9190";"Structuur";"hoeveelheid dik dood hout";"zb";"Binnen & Buiten";59;60,8314353620715;9,29;3,86;20,68
"Vlaanderen";2;"SBZH";"Versie 2.0";"9190";"9190";"Structuur";"hoeveelheid dik dood hout";"zb";"Binnen";31;28,9586816338972;10,36;3,36;27,78
"Vlaanderen";2;"SBZH";"Versie 2.0";"9190";"9190";"Structuur";"hoeveelheid dik dood hout";"zb";"Buiten";28;31,8727537281742;8,31;2,07;27,97
"Vlaanderen";2;"Habitattype";"Versie 3";"9190";"9190";"Structuur";"hoeveelheid dik dood hout";"zb";"Binnen & Buiten";59;60,8314353620715;9,29;3,86;20,68
"Vlaanderen";2;"SBZH";"Versie 3";"9190";"9190";"Structuur";"hoeveelheid dik dood hout";"zb";"Binnen";31;28,9586816338972;10,36;3,36;27,78
"Vlaanderen";2;"SBZH";"Versie 3";"9190";"9190";"Structuur";"hoeveelheid dik dood hout";"zb";"Buiten";28;31,8727537281742;8,31;2,07;27,97
"Vlaanderen";2;"Habitattype";"Versie 2.0";"9190";"9190";"Structuur";"horizontale structuur - groeiklassen";"b";"Binnen & Buiten";59;60,8314353620715;96,18;85,67;99,06
"Vlaanderen";2;"SBZH";"Versie 2.0";"9190";"9190";"Structuur";"horizontale structuur - groeiklassen";"b";"Binnen";31;28,9586816338972;96,55;78,93;99,52
"Vlaanderen";2;"SBZH";"Versie 2.0";"9190";"9190";"Structuur";"horizontale structuur - groeiklassen";"b";"Buiten";28;31,8727537281742;95,84;75,44;99,43
"Vlaanderen";2;"Habitattype";"Versie 3";"9190";"9190";"Structuur";"horizontale structuur - groeiklassen";"b";"Binnen & Buiten";59;60,8314353620715;96,18;85,67;99,06
"Vlaanderen";2;"SBZH";"Versie 3";"9190";"9190";"Structuur";"horizontale structuur - groeiklassen";"b";"Binnen";31;28,9586816338972;96,55;78,93;99,52
"Vlaanderen";2;"SBZH";"Versie 3";"9190";"9190";"Structuur";"horizontale structuur - groeiklassen";"b";"Buiten";28;31,8727537281742;95,84;75,44;99,43
"Vlaanderen";2;"Habitattype";"Versie 2.0";"9190";"9190";"Structuur";"minimum structuurareaal";"zb";"Binnen & Buiten";59;60,8314353620715;9,29;3,86;20,68
"Vlaanderen";2;"SBZH";"Versie 2.0";"9190";"9190";"Structuur";"minimum structuurareaal";"zb";"Binnen";31;28,9586816338972;10,36;3,36;27,78
"Vlaanderen";2;"SBZH";"Versie 2.0";"9190";"9190";"Structuur";"minimum structuurareaal";"zb";"Buiten";28;31,8727537281742;8,31;2,07;27,97
"Vlaanderen";2;"Habitattype";"Versie 3";"9190";"9190";"Structuur";"minimum structuurareaal";"zb";"Binnen & Buiten";59;60,8314353620715;9,29;3,86;20,68
"Vlaanderen";2;"SBZH";"Versie 3";"9190";"9190";"Structuur";"minimum structuurareaal";"zb";"Binnen";31;28,9586816338972;10,36;3,36;27,78
"Vlaanderen";2;"SBZH";"Versie 3";"9190";"9190";"Structuur";"minimum structuurareaal";"zb";"Buiten";28;31,8727537281742;8,31;2,07;27,97
"Vlaanderen";2;"Habitattype";"Versie 2.0";"9190";"9190";"Structuur";"verticale structuur";"b";"Binnen & Buiten";59;60,8314353620715;94;82,77;98,08
"Vlaanderen";2;"SBZH";"Versie 2.0";"9190";"9190";"Structuur";"verticale structuur";"b";"Binnen";31;28,9586816338972;96,55;78,93;99,52
"Vlaanderen";2;"SBZH";"Versie 2.0";"9190";"9190";"Structuur";"verticale structuur";"b";"Buiten";28;31,8727537281742;91,69;72,03;97,93
"Vlaanderen";2;"Habitattype";"Versie 3";"9190";"9190";"Structuur";"verticale structuur";"b";"Binnen & Buiten";59;60,8314353620715;94;82,77;98,08
"Vlaanderen";2;"SBZH";"Versie 3";"9190";"9190";"Structuur";"verticale structuur";"b";"Binnen";31;28,9586816338972;96,55;78,93;99,52
"Vlaanderen";2;"SBZH";"Versie 3";"9190";"9190";"Structuur";"verticale structuur";"b";"Buiten";28;31,8727537281742;91,69;72,03;97,93
"Vlaanderen";2;"Habitattype";"Versie 2.0";"9190";"9190";"Vegetatie";"sleutelsoorten van de boom- en struiklaag";"b";"Binnen & Buiten";59;60,8314353620715;67,94;54,85;78,71
"Vlaanderen";2;"SBZH";"Versie 2.0";"9190";"9190";"Vegetatie";"sleutelsoorten van de boom- en struiklaag";"b";"Binnen";31;28,9586816338972;62,71;44,53;77,88
"Vlaanderen";2;"SBZH";"Versie 2.0";"9190";"9190";"Vegetatie";"sleutelsoorten van de boom- en struiklaag";"b";"Buiten";28;31,8727537281742;72,69;53,45;86,06
"Vlaanderen";2;"Habitattype";"Versie 3";"9190";"9190";"Vegetatie";"sleutelsoorten van de boom- en struiklaag";"b";"Binnen & Buiten";59;60,8314353620715;63,89;50,67;75,29
"Vlaanderen";2;"SBZH";"Versie 3";"9190";"9190";"Vegetatie";"sleutelsoorten van de boom- en struiklaag";"b";"Binnen";31;28,9586816338972;63,85;45,73;78,73
"Vlaanderen";2;"SBZH";"Versie 3";"9190";"9190";"Vegetatie";"sleutelsoorten van de boom- en struiklaag";"b";"Buiten";28;31,8727537281742;63,92;44,56;79,62
"Vlaanderen";2;"Habitattype";"Versie 2.0";"9190";"9190";"Vegetatie";"sleutelsoorten van de kruidlaag";"b";"Binnen & Buiten";59;60,8314353620715;0;0;0
"Vlaanderen";2;"SBZH";"Versie 2.0";"9190";"9190";"Vegetatie";"sleutelsoorten van de kruidlaag";"b";"Binnen";31;28,9586816338972;0;0;0
"Vlaanderen";2;"SBZH";"Versie 2.0";"9190";"9190";"Vegetatie";"sleutelsoorten van de kruidlaag";"b";"Buiten";28;31,8727537281742;0;0;0
"Vlaanderen";2;"Habitattype";"Versie 3";"9190";"9190";"Vegetatie";"sleutelsoorten van de kruidlaag";"b";"Binnen & Buiten";59;60,8314353620715;66,43;52,92;77,69
"Vlaanderen";2;"SBZH";"Versie 3";"9190";"9190";"Vegetatie";"sleutelsoorten van de kruidlaag";"b";"Binnen";31;28,9586816338972;71,34;52,98;84,61
"Vlaanderen";2;"SBZH";"Versie 3";"9190";"9190";"Vegetatie";"sleutelsoorten van de kruidlaag";"b";"Buiten";28;31,8727537281742;61,97;42,26;78,39
"Vlaanderen";2;"Habitattype";"Versie 2.0";"9190";"9190";"Verstoring";"invasieve exoten";"b";"Binnen & Buiten";59;60,8314353620715;45,6;33,03;58,76
"Vlaanderen";2;"SBZH";"Versie 2.0";"9190";"9190";"Verstoring";"invasieve exoten";"b";"Binnen";31;28,9586816338972;67,75;49,4;81,89
"Vlaanderen";2;"SBZH";"Versie 2.0";"9190";"9190";"Verstoring";"invasieve exoten";"b";"Buiten";28;31,8727537281742;25,48;12,33;45,38
"Vlaanderen";2;"Habitattype";"Versie 2.0";"9190";"9190";"Verstoring";"ruderalisering";"zb";"Binnen & Buiten";59;60,8314353620715;99,18;94,26;99,89
"Vlaanderen";2;"SBZH";"Versie 2.0";"9190";"9190";"Verstoring";"ruderalisering";"zb";"Binnen";31;28,9586816338972;98,27;88,41;99,77
"Vlaanderen";2;"SBZH";"Versie 2.0";"9190";"9190";"Verstoring";"ruderalisering";"zb";"Buiten";28;31,8727537281742;100;100;100
"Vlaanderen";2;"Habitattype";"Versie 2.0";"9190";"9190";"Verstoring";"vergrassing";"zb";"Binnen & Buiten";59;60,8314353620715;78,79;66;87,66
"Vlaanderen";2;"SBZH";"Versie 2.0";"9190";"9190";"Verstoring";"vergrassing";"zb";"Binnen";31;28,9586816338972;69,16;50,55;83,11
"Vlaanderen";2;"SBZH";"Versie 2.0";"9190";"9190";"Verstoring";"vergrassing";"zb";"Buiten";28;31,8727537281742;87,53;67,6;95,94
"Vlaanderen";2;"Habitattype";"Versie 2.0";"9190";"9190";"Verstoring";"verruiging";"zb";"Binnen & Buiten";59;60,8314353620715;100;100;100
"Vlaanderen";2;"SBZH";"Versie 2.0";"9190";"9190";"Verstoring";"verruiging";"zb";"Binnen";31;28,9586816338972;100;100;100
"Vlaanderen";2;"SBZH";"Versie 2.0";"9190";"9190";"Verstoring";"verruiging";"zb";"Buiten";28;31,8727537281742;100;100;100
"Vlaanderen";2;"Habitattype";"Versie 3";"9190";"9190";"Verstoring";"verruiging";"zb";"Binnen & Buiten";59;60,8314353620715;90,71;79,99;95,98
"Vlaanderen";2;"SBZH";"Versie 3";"9190";"9190";"Verstoring";"verruiging";"zb";"Binnen";31;28,9586816338972;89,64;74,51;96,24
"Vlaanderen";2;"SBZH";"Versie 3";"9190";"9190";"Verstoring";"verruiging";"zb";"Buiten";28;31,8727537281742;91,69;72,03;97,93
"Vlaanderen";2;"Habitattype";"Versie 3";"9190";"9190";"Verstoring";"invasieve exoten van de boom- en struiklaag";"b";"Binnen & Buiten";59;60,8314353620715;53,78;40,57;66,48
"Vlaanderen";2;"SBZH";"Versie 3";"9190";"9190";"Verstoring";"invasieve exoten van de boom- en struiklaag";"b";"Binnen";31;28,9586816338972;71,2;52,89;84,49
"Vlaanderen";2;"SBZH";"Versie 3";"9190";"9190";"Verstoring";"invasieve exoten van de boom- en struiklaag";"b";"Buiten";28;31,8727537281742;37,95;21,52;57,7
"Vlaanderen";2;"Habitattype";"Versie 3";"9190";"9190";"Verstoring";"invasieve exoten van de kruidlaag";"zb";"Binnen & Buiten";59;60,8314353620715;100;100;100
"Vlaanderen";2;"SBZH";"Versie 3";"9190";"9190";"Verstoring";"invasieve exoten van de kruidlaag";"zb";"Binnen";31;28,9586816338972;100;100;100
"Vlaanderen";2;"SBZH";"Versie 3";"9190";"9190";"Verstoring";"invasieve exoten van de kruidlaag";"zb";"Buiten";28;31,8727537281742;100;100;100
"Vlaanderen";2;"Habitattype";"Versie 2.0";"9130";"9130";"Structuur";"aandeel dood hout";"b";"Binnen & Buiten";38;114,487118275683;14,21;3,8;40,98
"Vlaanderen";2;"SBZH";"Versie 2.0";"9130";"9130";"Structuur";"aandeel dood hout";"b";"Binnen";29;28,23;20,23;9,21;38,78
"Vlaanderen";2;"SBZH";"Versie 2.0";"9130";"9130";"Structuur";"aandeel dood hout";"b";"Buiten";9;86,2571182756834;12,24;1,66;53,5
"Vlaanderen";2;"Habitattype";"Versie 3";"9130";"9130";"Structuur";"aandeel dood hout";"b";"Binnen & Buiten";38;114,487118275683;14,21;3,8;40,98
"Vlaanderen";2;"SBZH";"Versie 3";"9130";"9130";"Structuur";"aandeel dood hout";"b";"Binnen";29;28,23;20,23;9,21;38,78
"Vlaanderen";2;"SBZH";"Versie 3";"9130";"9130";"Structuur";"aandeel dood hout";"b";"Buiten";9;86,2571182756834;12,24;1,66;53,5
"Vlaanderen";2;"Habitattype";"Versie 2.0";"9130";"9130";"Structuur";"bosconstantie";"zb";"Binnen & Buiten";38;114,487118275683;48,56;25,33;72,43
"Vlaanderen";2;"SBZH";"Versie 2.0";"9130";"9130";"Structuur";"bosconstantie";"zb";"Binnen";29;28,23;87,78;70,89;95,49
"Vlaanderen";2;"SBZH";"Versie 2.0";"9130";"9130";"Structuur";"bosconstantie";"zb";"Buiten";9;86,2571182756834;35,73;11,89;69,59
"Vlaanderen";2;"Habitattype";"Versie 3";"9130";"9130";"Structuur";"bosconstantie";"zb";"Binnen & Buiten";38;114,487118275683;48,56;25,33;72,43
"Vlaanderen";2;"SBZH";"Versie 3";"9130";"9130";"Structuur";"bosconstantie";"zb";"Binnen";29;28,23;87,78;70,89;95,49
"Vlaanderen";2;"SBZH";"Versie 3";"9130";"9130";"Structuur";"bosconstantie";"zb";"Buiten";9;86,2571182756834;35,73;11,89;69,59
"Vlaanderen";2;"Habitattype";"Versie 2.0";"9130";"9130";"Structuur";"hoeveelheid dik dood hout";"zb";"Binnen & Buiten";38;114,487118275683;1,49;0,33;6,47
"Vlaanderen";2;"SBZH";"Versie 2.0";"9130";"9130";"Structuur";"hoeveelheid dik dood hout";"zb";"Binnen";29;28,23;6,06;1,45;21,99
"Vlaanderen";2;"SBZH";"Versie 2.0";"9130";"9130";"Structuur";"hoeveelheid dik dood hout";"zb";"Buiten";9;86,2571182756834;0;0;0
"Vlaanderen";2;"Habitattype";"Versie 3";"9130";"9130";"Structuur";"hoeveelheid dik dood hout";"zb";"Binnen & Buiten";38;114,487118275683;1,49;0,33;6,47
"Vlaanderen";2;"SBZH";"Versie 3";"9130";"9130";"Structuur";"hoeveelheid dik dood hout";"zb";"Binnen";29;28,23;6,06;1,45;21,99
"Vlaanderen";2;"SBZH";"Versie 3";"9130";"9130";"Structuur";"hoeveelheid dik dood hout";"zb";"Buiten";9;86,2571182756834;0;0;0
"Vlaanderen";2;"Habitattype";"Versie 2.0";"9130";"9130";"Structuur";"horizontale structuur - groeiklassen";"b";"Binnen & Buiten";38;114,487118275683;100;100;100
"Vlaanderen";2;"SBZH";"Versie 2.0";"9130";"9130";"Structuur";"horizontale structuur - groeiklassen";"b";"Binnen";29;28,23;100;100;100
"Vlaanderen";2;"SBZH";"Versie 2.0";"9130";"9130";"Structuur";"horizontale structuur - groeiklassen";"b";"Buiten";9;86,2571182756834;100;100;100
"Vlaanderen";2;"Habitattype";"Versie 3";"9130";"9130";"Structuur";"horizontale structuur - groeiklassen";"b";"Binnen & Buiten";38;114,487118275683;100;100;100
"Vlaanderen";2;"SBZH";"Versie 3";"9130";"9130";"Structuur";"horizontale structuur - groeiklassen";"b";"Binnen";29;28,23;100;100;100
"Vlaanderen";2;"SBZH";"Versie 3";"9130";"9130";"Structuur";"horizontale structuur - groeiklassen";"b";"Buiten";9;86,2571182756834;100;100;100
"Vlaanderen";2;"Habitattype";"Versie 2.0";"9130";"9130";"Structuur";"minimum structuurareaal";"zb";"Binnen & Buiten";38;114,487118275683;13,56;6,76;25,34
"Vlaanderen";2;"SBZH";"Versie 2.0";"9130";"9130";"Structuur";"minimum structuurareaal";"zb";"Binnen";29;28,23;54,98;36,72;71,99
"Vlaanderen";2;"SBZH";"Versie 2.0";"9130";"9130";"Structuur";"minimum structuurareaal";"zb";"Buiten";9;86,2571182756834;0;0;0
"Vlaanderen";2;"Habitattype";"Versie 3";"9130";"9130";"Structuur";"minimum structuurareaal";"zb";"Binnen & Buiten";38;114,487118275683;17,67;9,16;31,37
"Vlaanderen";2;"SBZH";"Versie 3";"9130";"9130";"Structuur";"minimum structuurareaal";"zb";"Binnen";29;28,23;71,66;52,53;85,25
"Vlaanderen";2;"SBZH";"Versie 3";"9130";"9130";"Structuur";"minimum structuurareaal";"zb";"Buiten";9;86,2571182756834;0;0;0
"Vlaanderen";2;"Habitattype";"Versie 2.0";"9130";"9130";"Structuur";"verticale structuur";"b";"Binnen & Buiten";38;114,487118275683;98,25;92,63;99,6
"Vlaanderen";2;"SBZH";"Versie 2.0";"9130";"9130";"Structuur";"verticale structuur";"b";"Binnen";29;28,23;92,92;75,36;98,25
"Vlaanderen";2;"SBZH";"Versie 2.0";"9130";"9130";"Structuur";"verticale structuur";"b";"Buiten";9;86,2571182756834;100;100;100
"Vlaanderen";2;"Habitattype";"Versie 3";"9130";"9130";"Structuur";"verticale structuur";"b";"Binnen & Buiten";38;114,487118275683;98,25;92,63;99,6
"Vlaanderen";2;"SBZH";"Versie 3";"9130";"9130";"Structuur";"verticale structuur";"b";"Binnen";29;28,23;92,92;75,36;98,25
"Vlaanderen";2;"SBZH";"Versie 3";"9130";"9130";"Structuur";"verticale structuur";"b";"Buiten";9;86,2571182756834;100;100;100
"Vlaanderen";2;"Habitattype";"Versie 2.0";"9130";"9130";"Vegetatie";"sleutelsoorten van de boom- en struiklaag";"b";"Binnen & Buiten";38;114,487118275683;37,07;17,91;61,4
"Vlaanderen";2;"SBZH";"Versie 2.0";"9130";"9130";"Vegetatie";"sleutelsoorten van de boom- en struiklaag";"b";"Binnen";29;28,23;65,36;46,42;80,42
"Vlaanderen";2;"SBZH";"Versie 2.0";"9130";"9130";"Vegetatie";"sleutelsoorten van de boom- en struiklaag";"b";"Buiten";9;86,2571182756834;27,81;8,4;61,82
"Vlaanderen";2;"Habitattype";"Versie 3";"9130";"9130";"Vegetatie";"sleutelsoorten van de boom- en struiklaag";"b";"Binnen & Buiten";38;114,487118275683;37,07;17,91;61,4
"Vlaanderen";2;"SBZH";"Versie 3";"9130";"9130";"Vegetatie";"sleutelsoorten van de boom- en struiklaag";"b";"Binnen";29;28,23;65,36;46,42;80,42
"Vlaanderen";2;"SBZH";"Versie 3";"9130";"9130";"Vegetatie";"sleutelsoorten van de boom- en struiklaag";"b";"Buiten";9;86,2571182756834;27,81;8,4;61,82
"Vlaanderen";2;"Habitattype";"Versie 2.0";"9130";"9130";"Vegetatie";"sleutelsoorten van de kruidlaag";"b";"Binnen & Buiten";38;114,487118275683;11,84;2,49;41,37
"Vlaanderen";2;"SBZH";"Versie 2.0";"9130";"9130";"Vegetatie";"sleutelsoorten van de kruidlaag";"b";"Binnen";29;28,23;10,63;3,42;28,54
"Vlaanderen";2;"SBZH";"Versie 2.0";"9130";"9130";"Vegetatie";"sleutelsoorten van de kruidlaag";"b";"Buiten";9;86,2571182756834;12,24;1,66;53,5
"Vlaanderen";2;"Habitattype";"Versie 3";"9130";"9130";"Vegetatie";"sleutelsoorten van de kruidlaag";"b";"Binnen & Buiten";38;114,487118275683;74,88;47,97;90,6
"Vlaanderen";2;"SBZH";"Versie 3";"9130";"9130";"Vegetatie";"sleutelsoorten van de kruidlaag";"b";"Binnen";29;28,23;69,93;51,06;83,82
"Vlaanderen";2;"SBZH";"Versie 3";"9130";"9130";"Vegetatie";"sleutelsoorten van de kruidlaag";"b";"Buiten";9;86,2571182756834;76,51;39,66;94,16
"Vlaanderen";2;"Habitattype";"Versie 2.0";"9130";"9130";"Verstoring";"invasieve exoten";"b";"Binnen & Buiten";38;114,487118275683;79,17;49,13;93,73
"Vlaanderen";2;"SBZH";"Versie 2.0";"9130";"9130";"Verstoring";"invasieve exoten";"b";"Binnen";29;28,23;90,29;73,29;96,93
"Vlaanderen";2;"SBZH";"Versie 2.0";"9130";"9130";"Verstoring";"invasieve exoten";"b";"Buiten";9;86,2571182756834;75,53;38,41;93,85
"Vlaanderen";2;"Habitattype";"Versie 2.0";"9130";"9130";"Verstoring";"ruderalisering";"zb";"Binnen & Buiten";38;114,487118275683;81,56;49,51;95,23
"Vlaanderen";2;"SBZH";"Versie 2.0";"9130";"9130";"Verstoring";"ruderalisering";"zb";"Binnen";29;28,23;100;100;100
"Vlaanderen";2;"SBZH";"Versie 2.0";"9130";"9130";"Verstoring";"ruderalisering";"zb";"Buiten";9;86,2571182756834;75,53;38,41;93,85
"Vlaanderen";2;"Habitattype";"Versie 2.0";"9130";"9130";"Verstoring";"verruiging";"zb";"Binnen & Buiten";38;114,487118275683;100;100;100
"Vlaanderen";2;"SBZH";"Versie 2.0";"9130";"9130";"Verstoring";"verruiging";"zb";"Binnen";29;28,23;100;100;100
"Vlaanderen";2;"SBZH";"Versie 2.0";"9130";"9130";"Verstoring";"verruiging";"zb";"Buiten";9;86,2571182756834;100;100;100
"Vlaanderen";2;"Habitattype";"Versie 3";"9130";"9130";"Verstoring";"verruiging";"zb";"Binnen & Buiten";38;114,487118275683;64,28;37,15;84,57
"Vlaanderen";2;"SBZH";"Versie 3";"9130";"9130";"Verstoring";"verruiging";"zb";"Binnen";29;28,23;86,75;69,05;95,05
"Vlaanderen";2;"SBZH";"Versie 3";"9130";"9130";"Verstoring";"verruiging";"zb";"Buiten";9;86,2571182756834;56,93;25,41;83,68
"Vlaanderen";2;"Habitattype";"Versie 3";"9130";"9130";"Verstoring";"invasieve exoten van de boom- en struiklaag";"b";"Binnen & Buiten";38;114,487118275683;79,17;49,13;93,73
"Vlaanderen";2;"SBZH";"Versie 3";"9130";"9130";"Verstoring";"invasieve exoten van de boom- en struiklaag";"b";"Binnen";29;28,23;90,29;73,29;96,93
"Vlaanderen";2;"SBZH";"Versie 3";"9130";"9130";"Verstoring";"invasieve exoten van de boom- en struiklaag";"b";"Buiten";9;86,2571182756834;75,53;38,41;93,85
"Vlaanderen";2;"Habitattype";"Versie 3";"9130";"9130";"Verstoring";"invasieve exoten van de kruidlaag";"zb";"Binnen & Buiten";38;114,487118275683;89,91;57,15;98,35
"Vlaanderen";2;"SBZH";"Versie 3";"9130";"9130";"Verstoring";"invasieve exoten van de kruidlaag";"zb";"Binnen";29;28,23;96,46;78,29;99,52
"Vlaanderen";2;"SBZH";"Versie 3";"9130";"9130";"Verstoring";"invasieve exoten van de kruidlaag";"zb";"Buiten";9;86,2571182756834;87,76;46,5;98,34
"Vlaanderen";2;"Habitattype";"Versie 2.0";"9120";"9120";"Structuur";"aandeel dood hout";"b";"Binnen & Buiten";266;257,0455842197;32,93;27,45;38,91
"Vlaanderen";2;"SBZH";"Versie 2.0";"9120";"9120";"Structuur";"aandeel dood hout";"b";"Binnen";145;136,38;35,85;28,35;44,11
"Vlaanderen";2;"SBZH";"Versie 2.0";"9120";"9120";"Structuur";"aandeel dood hout";"b";"Buiten";121;120,6655842197;29,63;22,05;38,53
"Vlaanderen";2;"Habitattype";"Versie 3";"9120";"9120";"Structuur";"aandeel dood hout";"b";"Binnen & Buiten";266;257,0455842197;32,93;27,45;38,91
"Vlaanderen";2;"SBZH";"Versie 3";"9120";"9120";"Structuur";"aandeel dood hout";"b";"Binnen";145;136,38;35,85;28,35;44,11
"Vlaanderen";2;"SBZH";"Versie 3";"9120";"9120";"Structuur";"aandeel dood hout";"b";"Buiten";121;120,6655842197;29,63;22,05;38,53
"Vlaanderen";2;"Habitattype";"Versie 2.0";"9120";"9120";"Structuur";"bosconstantie";"zb";"Binnen & Buiten";266;257,0455842197;65,08;59,07;70,64
"Vlaanderen";2;"SBZH";"Versie 2.0";"9120";"9120";"Structuur";"bosconstantie";"zb";"Binnen";145;136,38;80,56;73,28;86,23
"Vlaanderen";2;"SBZH";"Versie 2.0";"9120";"9120";"Structuur";"bosconstantie";"zb";"Buiten";121;120,6655842197;47,58;38,7;56,62
"Vlaanderen";2;"Habitattype";"Versie 3";"9120";"9120";"Structuur";"bosconstantie";"zb";"Binnen & Buiten";266;257,0455842197;65,08;59,07;70,64
"Vlaanderen";2;"SBZH";"Versie 3";"9120";"9120";"Structuur";"bosconstantie";"zb";"Binnen";145;136,38;80,56;73,28;86,23
"Vlaanderen";2;"SBZH";"Versie 3";"9120";"9120";"Structuur";"bosconstantie";"zb";"Buiten";121;120,6655842197;47,58;38,7;56,62
"Vlaanderen";2;"Habitattype";"Versie 2.0";"9120";"9120";"Structuur";"hoeveelheid dik dood hout";"zb";"Binnen & Buiten";266;257,0455842197;8,42;5,55;12,57
"Vlaanderen";2;"SBZH";"Versie 2.0";"9120";"9120";"Structuur";"hoeveelheid dik dood hout";"zb";"Binnen";145;136,38;5,87;2,96;11,3
"Vlaanderen";2;"SBZH";"Versie 2.0";"9120";"9120";"Structuur";"hoeveelheid dik dood hout";"zb";"Buiten";121;120,6655842197;11,3;6,67;18,52
"Vlaanderen";2;"Habitattype";"Versie 3";"9120";"9120";"Structuur";"hoeveelheid dik dood hout";"zb";"Binnen & Buiten";266;257,0455842197;8,42;5,55;12,57
"Vlaanderen";2;"SBZH";"Versie 3";"9120";"9120";"Structuur";"hoeveelheid dik dood hout";"zb";"Binnen";145;136,38;5,87;2,96;11,3
"Vlaanderen";2;"SBZH";"Versie 3";"9120";"9120";"Structuur";"hoeveelheid dik dood hout";"zb";"Buiten";121;120,6655842197;11,3;6,67;18,52
"Vlaanderen";2;"Habitattype";"Versie 2.0";"9120";"9120";"Structuur";"horizontale structuur - groeiklassen";"b";"Binnen & Buiten";266;257,0455842197;98,38;95,75;99,39
"Vlaanderen";2;"SBZH";"Versie 2.0";"9120";"9120";"Structuur";"horizontale structuur - groeiklassen";"b";"Binnen";145;136,38;98,53;94,32;99,63
"Vlaanderen";2;"SBZH";"Versie 2.0";"9120";"9120";"Structuur";"horizontale structuur - groeiklassen";"b";"Buiten";121;120,6655842197;98,2;93,07;99,55
"Vlaanderen";2;"Habitattype";"Versie 3";"9120";"9120";"Structuur";"horizontale structuur - groeiklassen";"b";"Binnen & Buiten";266;257,0455842197;98,38;95,75;99,39
"Vlaanderen";2;"SBZH";"Versie 3";"9120";"9120";"Structuur";"horizontale structuur - groeiklassen";"b";"Binnen";145;136,38;98,53;94,32;99,63
"Vlaanderen";2;"SBZH";"Versie 3";"9120";"9120";"Structuur";"horizontale structuur - groeiklassen";"b";"Buiten";121;120,6655842197;98,2;93,07;99,55
"Vlaanderen";2;"Habitattype";"Versie 2.0";"9120";"9120";"Structuur";"minimum structuurareaal";"zb";"Binnen & Buiten";266;257,0455842197;37,68;32;43,73
"Vlaanderen";2;"SBZH";"Versie 2.0";"9120";"9120";"Structuur";"minimum structuurareaal";"zb";"Binnen";145;136,38;62,6;54,36;70,17
"Vlaanderen";2;"SBZH";"Versie 2.0";"9120";"9120";"Structuur";"minimum structuurareaal";"zb";"Buiten";121;120,6655842197;9,53;5,46;16,11
"Vlaanderen";2;"Habitattype";"Versie 3";"9120";"9120";"Structuur";"minimum structuurareaal";"zb";"Binnen & Buiten";266;257,0455842197;37,68;32;43,73
"Vlaanderen";2;"SBZH";"Versie 3";"9120";"9120";"Structuur";"minimum structuurareaal";"zb";"Binnen";145;136,38;62,6;54,36;70,17
"Vlaanderen";2;"SBZH";"Versie 3";"9120";"9120";"Structuur";"minimum structuurareaal";"zb";"Buiten";121;120,6655842197;9,53;5,46;16,11
"Vlaanderen";2;"Habitattype";"Versie 2.0";"9120";"9120";"Structuur";"verticale structuur";"b";"Binnen & Buiten";266;257,0455842197;88,63;84,1;91,99
"Vlaanderen";2;"SBZH";"Versie 2.0";"9120";"9120";"Structuur";"verticale structuur";"b";"Binnen";145;136,38;84,7;77,68;89,81
"Vlaanderen";2;"SBZH";"Versie 2.0";"9120";"9120";"Structuur";"verticale structuur";"b";"Buiten";121;120,6655842197;93,06;86,7;96,5
"Vlaanderen";2;"Habitattype";"Versie 3";"9120";"9120";"Structuur";"verticale structuur";"b";"Binnen & Buiten";266;257,0455842197;88,63;84,1;91,99
"Vlaanderen";2;"SBZH";"Versie 3";"9120";"9120";"Structuur";"verticale structuur";"b";"Binnen";145;136,38;84,7;77,68;89,81
"Vlaanderen";2;"SBZH";"Versie 3";"9120";"9120";"Structuur";"verticale structuur";"b";"Buiten";121;120,6655842197;93,06;86,7;96,5
"Vlaanderen";2;"Habitattype";"Versie 2.0";"9120";"9120";"Vegetatie";"sleutelsoorten van de boom- en struiklaag";"b";"Binnen & Buiten";266;257,0455842197;62,35;56,28;68,05
"Vlaanderen";2;"SBZH";"Versie 2.0";"9120";"9120";"Vegetatie";"sleutelsoorten van de boom- en struiklaag";"b";"Binnen";145;136,38;66,84;58,67;74,11
"Vlaanderen";2;"SBZH";"Versie 2.0";"9120";"9120";"Vegetatie";"sleutelsoorten van de boom- en struiklaag";"b";"Buiten";121;120,6655842197;57,26;48,18;65,88
"Vlaanderen";2;"Habitattype";"Versie 3";"9120";"9120";"Vegetatie";"sleutelsoorten van de boom- en struiklaag";"b";"Binnen & Buiten";266;257,0455842197;62,35;56,28;68,05
"Vlaanderen";2;"SBZH";"Versie 3";"9120";"9120";"Vegetatie";"sleutelsoorten van de boom- en struiklaag";"b";"Binnen";145;136,38;66,84;58,67;74,11
"Vlaanderen";2;"SBZH";"Versie 3";"9120";"9120";"Vegetatie";"sleutelsoorten van de boom- en struiklaag";"b";"Buiten";121;120,6655842197;57,26;48,18;65,88
"Vlaanderen";2;"Habitattype";"Versie 2.0";"9120";"9120";"Vegetatie";"sleutelsoorten van de kruidlaag";"b";"Binnen & Buiten";266;257,0455842197;2,61;1,26;5,32
"Vlaanderen";2;"SBZH";"Versie 2.0";"9120";"9120";"Vegetatie";"sleutelsoorten van de kruidlaag";"b";"Binnen";145;136,38;4,17;1,91;8,85
"Vlaanderen";2;"SBZH";"Versie 2.0";"9120";"9120";"Vegetatie";"sleutelsoorten van de kruidlaag";"b";"Buiten";121;120,6655842197;0,85;0,12;5,78
"Vlaanderen";2;"Habitattype";"Versie 3";"9120";"9120";"Vegetatie";"sleutelsoorten van de kruidlaag";"b";"Binnen & Buiten";266;257,0455842197;26,67;21,65;32,37
"Vlaanderen";2;"SBZH";"Versie 3";"9120";"9120";"Vegetatie";"sleutelsoorten van de kruidlaag";"b";"Binnen";145;136,38;36,95;29,4;45,2
"Vlaanderen";2;"SBZH";"Versie 3";"9120";"9120";"Vegetatie";"sleutelsoorten van de kruidlaag";"b";"Buiten";121;120,6655842197;15,05;9,64;22,73
"Vlaanderen";2;"Habitattype";"Versie 2.0";"9120";"9120";"Verstoring";"invasieve exoten";"b";"Binnen & Buiten";266;257,0455842197;68,02;62,06;73,44
"Vlaanderen";2;"SBZH";"Versie 2.0";"9120";"9120";"Verstoring";"invasieve exoten";"b";"Binnen";145;136,38;75,71;67,91;82,11
"Vlaanderen";2;"SBZH";"Versie 2.0";"9120";"9120";"Verstoring";"invasieve exoten";"b";"Buiten";121;120,6655842197;59,32;50,22;67,83
"Vlaanderen";2;"Habitattype";"Versie 2.0";"9120";"9120";"Verstoring";"ruderalisering";"zb";"Binnen & Buiten";266;257,0455842197;93,87;90,26;96,19
"Vlaanderen";2;"SBZH";"Versie 2.0";"9120";"9120";"Verstoring";"ruderalisering";"zb";"Binnen";145;136,38;97,8;93,39;99,29
"Vlaanderen";2;"SBZH";"Versie 2.0";"9120";"9120";"Verstoring";"ruderalisering";"zb";"Buiten";121;120,6655842197;89,42;82,68;93,73
"Vlaanderen";2;"Habitattype";"Versie 2.0";"9120";"9120";"Verstoring";"vergrassing";"zb";"Binnen & Buiten";266;257,0455842197;99,36;97,39;99,85
"Vlaanderen";2;"SBZH";"Versie 2.0";"9120";"9120";"Verstoring";"vergrassing";"zb";"Binnen";145;136,38;98,8;95,15;99,71
"Vlaanderen";2;"SBZH";"Versie 2.0";"9120";"9120";"Verstoring";"vergrassing";"zb";"Buiten";121;120,6655842197;100;100;100
"Vlaanderen";2;"Habitattype";"Versie 2.0";"9120";"9120";"Verstoring";"verruiging";"zb";"Binnen & Buiten";266;257,0455842197;96,07;92,84;97,87
"Vlaanderen";2;"SBZH";"Versie 2.0";"9120";"9120";"Verstoring";"verruiging";"zb";"Binnen";145;136,38;94,87;89,62;97,54
"Vlaanderen";2;"SBZH";"Versie 2.0";"9120";"9120";"Verstoring";"verruiging";"zb";"Buiten";121;120,6655842197;97,42;92,29;99,17
"Vlaanderen";2;"Habitattype";"Versie 3";"9120";"9120";"Verstoring";"verruiging";"zb";"Binnen & Buiten";266;257,0455842197;76,13;70,58;80,91
"Vlaanderen";2;"SBZH";"Versie 3";"9120";"9120";"Verstoring";"verruiging";"zb";"Binnen";145;136,38;77,99;70,43;84,05
"Vlaanderen";2;"SBZH";"Versie 3";"9120";"9120";"Verstoring";"verruiging";"zb";"Buiten";121;120,6655842197;74,02;65,44;81,09
"Vlaanderen";2;"Habitattype";"Versie 3";"9120";"9120";"Verstoring";"invasieve exoten van de boom- en struiklaag";"b";"Binnen & Buiten";266;257,0455842197;68,36;62,43;73,76
"Vlaanderen";2;"SBZH";"Versie 3";"9120";"9120";"Verstoring";"invasieve exoten van de boom- en struiklaag";"b";"Binnen";145;136,38;75,27;67,47;81,71
"Vlaanderen";2;"SBZH";"Versie 3";"9120";"9120";"Verstoring";"invasieve exoten van de boom- en struiklaag";"b";"Buiten";121;120,6655842197;60,55;51,46;68,96
"Vlaanderen";2;"Habitattype";"Versie 3";"9120";"9120";"Verstoring";"invasieve exoten van de kruidlaag";"zb";"Binnen & Buiten";266;257,0455842197;100;100;100
"Vlaanderen";2;"SBZH";"Versie 3";"9120";"9120";"Verstoring";"invasieve exoten van de kruidlaag";"zb";"Binnen";145;136,38;100;100;100
"Vlaanderen";2;"SBZH";"Versie 3";"9120";"9120";"Verstoring";"invasieve exoten van de kruidlaag";"zb";"Buiten";121;120,6655842197;100;100;100
"Vlaanderen";2;"Habitattype";"Versie 2.0";"9110";"9110";"Structuur";"aandeel dood hout";"b";"Binnen & Buiten";3;11,0218068535826;90,93;NA;NA
"Vlaanderen";2;"SBZH";"Versie 2.0";"9110";"9110";"Structuur";"aandeel dood hout";"b";"Binnen";2;10,0218068535826;100;NA;NA
"Vlaanderen";2;"SBZH";"Versie 2.0";"9110";"9110";"Structuur";"aandeel dood hout";"b";"Buiten";1;1;0;NA;NA
"Vlaanderen";2;"Habitattype";"Versie 3";"9110";"9110";"Structuur";"aandeel dood hout";"b";"Binnen & Buiten";3;11,0218068535826;90,93;NA;NA
"Vlaanderen";2;"SBZH";"Versie 3";"9110";"9110";"Structuur";"aandeel dood hout";"b";"Binnen";2;10,0218068535826;100;NA;NA
"Vlaanderen";2;"SBZH";"Versie 3";"9110";"9110";"Structuur";"aandeel dood hout";"b";"Buiten";1;1;0;NA;NA
"Vlaanderen";2;"Habitattype";"Versie 2.0";"9110";"9110";"Structuur";"bosconstantie";"zb";"Binnen & Buiten";3;11,0218068535826;100;NA;NA
"Vlaanderen";2;"SBZH";"Versie 2.0";"9110";"9110";"Structuur";"bosconstantie";"zb";"Binnen";2;10,0218068535826;100;NA;NA
"Vlaanderen";2;"SBZH";"Versie 2.0";"9110";"9110";"Structuur";"bosconstantie";"zb";"Buiten";1;1;100;NA;NA
"Vlaanderen";2;"Habitattype";"Versie 3";"9110";"9110";"Structuur";"bosconstantie";"zb";"Binnen & Buiten";3;11,0218068535826;100;NA;NA
"Vlaanderen";2;"SBZH";"Versie 3";"9110";"9110";"Structuur";"bosconstantie";"zb";"Binnen";2;10,0218068535826;100;NA;NA
"Vlaanderen";2;"SBZH";"Versie 3";"9110";"9110";"Structuur";"bosconstantie";"zb";"Buiten";1;1;100;NA;NA
"Vlaanderen";2;"Habitattype";"Versie 2.0";"9110";"9110";"Structuur";"hoeveelheid dik dood hout";"zb";"Binnen & Buiten";3;11,0218068535826;0;NA;NA
"Vlaanderen";2;"SBZH";"Versie 2.0";"9110";"9110";"Structuur";"hoeveelheid dik dood hout";"zb";"Binnen";2;10,0218068535826;0;NA;NA
"Vlaanderen";2;"SBZH";"Versie 2.0";"9110";"9110";"Structuur";"hoeveelheid dik dood hout";"zb";"Buiten";1;1;0;NA;NA
"Vlaanderen";2;"Habitattype";"Versie 3";"9110";"9110";"Structuur";"hoeveelheid dik dood hout";"zb";"Binnen & Buiten";3;11,0218068535826;0;NA;NA
"Vlaanderen";2;"SBZH";"Versie 3";"9110";"9110";"Structuur";"hoeveelheid dik dood hout";"zb";"Binnen";2;10,0218068535826;0;NA;NA
"Vlaanderen";2;"SBZH";"Versie 3";"9110";"9110";"Structuur";"hoeveelheid dik dood hout";"zb";"Buiten";1;1;0;NA;NA
"Vlaanderen";2;"Habitattype";"Versie 2.0";"9110";"9110";"Structuur";"horizontale structuur - groeiklassen";"b";"Binnen & Buiten";3;11,0218068535826;54,54;NA;NA
"Vlaanderen";2;"SBZH";"Versie 2.0";"9110";"9110";"Structuur";"horizontale structuur - groeiklassen";"b";"Binnen";2;10,0218068535826;50;NA;NA
"Vlaanderen";2;"SBZH";"Versie 2.0";"9110";"9110";"Structuur";"horizontale structuur - groeiklassen";"b";"Buiten";1;1;100;NA;NA
"Vlaanderen";2;"Habitattype";"Versie 3";"9110";"9110";"Structuur";"horizontale structuur - groeiklassen";"b";"Binnen & Buiten";3;11,0218068535826;54,54;NA;NA
"Vlaanderen";2;"SBZH";"Versie 3";"9110";"9110";"Structuur";"horizontale structuur - groeiklassen";"b";"Binnen";2;10,0218068535826;50;NA;NA
"Vlaanderen";2;"SBZH";"Versie 3";"9110";"9110";"Structuur";"horizontale structuur - groeiklassen";"b";"Buiten";1;1;100;NA;NA
"Vlaanderen";2;"Habitattype";"Versie 2.0";"9110";"9110";"Structuur";"minimum structuurareaal";"zb";"Binnen & Buiten";3;11,0218068535826;100;NA;NA
"Vlaanderen";2;"SBZH";"Versie 2.0";"9110";"9110";"Structuur";"minimum structuurareaal";"zb";"Binnen";2;10,0218068535826;100;NA;NA
"Vlaanderen";2;"SBZH";"Versie 2.0";"9110";"9110";"Structuur";"minimum structuurareaal";"zb";"Buiten";1;1;100;NA;NA
"Vlaanderen";2;"Habitattype";"Versie 3";"9110";"9110";"Structuur";"minimum structuurareaal";"zb";"Binnen & Buiten";3;11,0218068535826;100;NA;NA
"Vlaanderen";2;"SBZH";"Versie 3";"9110";"9110";"Structuur";"minimum structuurareaal";"zb";"Binnen";2;10,0218068535826;100;NA;NA
"Vlaanderen";2;"SBZH";"Versie 3";"9110";"9110";"Structuur";"minimum structuurareaal";"zb";"Buiten";1;1;100;NA;NA
"Vlaanderen";2;"Habitattype";"Versie 2.0";"9110";"9110";"Structuur";"verticale structuur";"b";"Binnen & Buiten";3;11,0218068535826;100;NA;NA
"Vlaanderen";2;"SBZH";"Versie 2.0";"9110";"9110";"Structuur";"verticale structuur";"b";"Binnen";2;10,0218068535826;100;NA;NA
"Vlaanderen";2;"SBZH";"Versie 2.0";"9110";"9110";"Structuur";"verticale structuur";"b";"Buiten";1;1;100;NA;NA
"Vlaanderen";2;"Habitattype";"Versie 3";"9110";"9110";"Structuur";"verticale structuur";"b";"Binnen & Buiten";3;11,0218068535826;100;NA;NA
"Vlaanderen";2;"SBZH";"Versie 3";"9110";"9110";"Structuur";"verticale structuur";"b";"Binnen";2;10,0218068535826;100;NA;NA
"Vlaanderen";2;"SBZH";"Versie 3";"9110";"9110";"Structuur";"verticale structuur";"b";"Buiten";1;1;100;NA;NA
"Vlaanderen";2;"Habitattype";"Versie 2.0";"9110";"9110";"Vegetatie";"sleutelsoorten van de boom- en struiklaag";"b";"Binnen & Buiten";3;11,0218068535826;100;NA;NA
"Vlaanderen";2;"SBZH";"Versie 2.0";"9110";"9110";"Vegetatie";"sleutelsoorten van de boom- en struiklaag";"b";"Binnen";2;10,0218068535826;100;NA;NA
"Vlaanderen";2;"SBZH";"Versie 2.0";"9110";"9110";"Vegetatie";"sleutelsoorten van de boom- en struiklaag";"b";"Buiten";1;1;100;NA;NA
"Vlaanderen";2;"Habitattype";"Versie 3";"9110";"9110";"Vegetatie";"sleutelsoorten van de boom- en struiklaag";"b";"Binnen & Buiten";3;11,0218068535826;100;NA;NA
"Vlaanderen";2;"SBZH";"Versie 3";"9110";"9110";"Vegetatie";"sleutelsoorten van de boom- en struiklaag";"b";"Binnen";2;10,0218068535826;100;NA;NA
"Vlaanderen";2;"SBZH";"Versie 3";"9110";"9110";"Vegetatie";"sleutelsoorten van de boom- en struiklaag";"b";"Buiten";1;1;100;NA;NA
"Vlaanderen";2;"Habitattype";"Versie 2.0";"9110";"9110";"Vegetatie";"sleutelsoorten van de kruidlaag";"b";"Binnen & Buiten";3;11,0218068535826;0;NA;NA
"Vlaanderen";2;"SBZH";"Versie 2.0";"9110";"9110";"Vegetatie";"sleutelsoorten van de kruidlaag";"b";"Binnen";2;10,0218068535826;0;NA;NA
"Vlaanderen";2;"SBZH";"Versie 2.0";"9110";"9110";"Vegetatie";"sleutelsoorten van de kruidlaag";"b";"Buiten";1;1;0;NA;NA
"Vlaanderen";2;"Habitattype";"Versie 3";"9110";"9110";"Vegetatie";"sleutelsoorten van de kruidlaag";"b";"Binnen & Buiten";3;11,0218068535826;0;NA;NA
"Vlaanderen";2;"SBZH";"Versie 3";"9110";"9110";"Vegetatie";"sleutelsoorten van de kruidlaag";"b";"Binnen";2;10,0218068535826;0;NA;NA
"Vlaanderen";2;"SBZH";"Versie 3";"9110";"9110";"Vegetatie";"sleutelsoorten van de kruidlaag";"b";"Buiten";1;1;0;NA;NA
"Vlaanderen";2;"Habitattype";"Versie 2.0";"9110";"9110";"Verstoring";"invasieve exoten";"b";"Binnen & Buiten";3;11,0218068535826;100;NA;NA
"Vlaanderen";2;"SBZH";"Versie 2.0";"9110";"9110";"Verstoring";"invasieve exoten";"b";"Binnen";2;10,0218068535826;100;NA;NA
"Vlaanderen";2;"SBZH";"Versie 2.0";"9110";"9110";"Verstoring";"invasieve exoten";"b";"Buiten";1;1;100;NA;NA
"Vlaanderen";2;"Habitattype";"Versie 2.0";"9110";"9110";"Verstoring";"ruderalisering";"zb";"Binnen & Buiten";3;11,0218068535826;100;NA;NA
"Vlaanderen";2;"SBZH";"Versie 2.0";"9110";"9110";"Verstoring";"ruderalisering";"zb";"Binnen";2;10,0218068535826;100;NA;NA
"Vlaanderen";2;"SBZH";"Versie 2.0";"9110";"9110";"Verstoring";"ruderalisering";"zb";"Buiten";1;1;100;NA;NA
"Vlaanderen";2;"Habitattype";"Versie 2.0";"9110";"9110";"Verstoring";"verruiging";"zb";"Binnen & Buiten";3;11,0218068535826;100;NA;NA
"Vlaanderen";2;"SBZH";"Versie 2.0";"9110";"9110";"Verstoring";"verruiging";"zb";"Binnen";2;10,0218068535826;100;NA;NA
"Vlaanderen";2;"SBZH";"Versie 2.0";"9110";"9110";"Verstoring";"verruiging";"zb";"Buiten";1;1;100;NA;NA
"Vlaanderen";2;"Habitattype";"Versie 3";"9110";"9110";"Verstoring";"verruiging";"zb";"Binnen & Buiten";3;11,0218068535826;100;NA;NA
"Vlaanderen";2;"SBZH";"Versie 3";"9110";"9110";"Verstoring";"verruiging";"zb";"Binnen";2;10,0218068535826;100;NA;NA
"Vlaanderen";2;"SBZH";"Versie 3";"9110";"9110";"Verstoring";"verruiging";"zb";"Buiten";1;1;100;NA;NA
"Vlaanderen";2;"Habitattype";"Versie 3";"9110";"9110";"Verstoring";"invasieve exoten van de boom- en struiklaag";"b";"Binnen & Buiten";3;11,0218068535826;100;NA;NA
"Vlaanderen";2;"SBZH";"Versie 3";"9110";"9110";"Verstoring";"invasieve exoten van de boom- en struiklaag";"b";"Binnen";2;10,0218068535826;100;NA;NA
"Vlaanderen";2;"SBZH";"Versie 3";"9110";"9110";"Verstoring";"invasieve exoten van de boom- en struiklaag";"b";"Buiten";1;1;100;NA;NA
"Vlaanderen";2;"Habitattype";"Versie 3";"9110";"9110";"Verstoring";"invasieve exoten van de kruidlaag";"zb";"Binnen & Buiten";3;11,0218068535826;100;NA;NA
"Vlaanderen";2;"SBZH";"Versie 3";"9110";"9110";"Verstoring";"invasieve exoten van de kruidlaag";"zb";"Binnen";2;10,0218068535826;100;NA;NA
"Vlaanderen";2;"SBZH";"Versie 3";"9110";"9110";"Verstoring";"invasieve exoten van de kruidlaag";"zb";"Buiten";1;1;100;NA;NA
